bee,colony,queen,group,PreExposure,framesOnNest,framesOffNest,AtoI_Unbumped_OnNest,ItoA_Unbumped_OnNest,AtoI_Bumped_OnNest,ItoA_Bumped_OnNest,AtoI_Unbumped_OffNest,ItoA_Unbumped_OffNest,AtoI_Bumped_OffNest,ItoA_Bumped_OffNest
4431,1,1,0,0,5426,1074,0.10475100171723,0.0723817226041246,0.0641447368421053,0.0770547945205479,0.219298245614035,0.096045197740113,0.170068027210884,0.142857142857143
4857,1,0,2,0,904,4101,0.00267379679144386,0.5,0,1,0.0737463126843658,0.0290720828355237,0.093167701863354,0.0480225988700565
4799,1,0,3,0,470,1900,0.0779220779220779,0.185185185185185,0,NaN,0.0634328358208955,0.0257234726688103,0.0506329113924051,0.25
4822,1,0,1,0,1,12,NaN,NaN,NaN,NaN,NaN,0,NaN,0
4729,1,0,1,0,1509,3306,0.0142671854734111,0.0325443786982249,0.00757575757575757,0.0235294117647059,0.0635071090047393,0.0356359649122807,0.0795454545454546,0.0755555555555556
4850,1,0,3,0,1528,3254,0.0245098039215687,0.128865979381443,0.0201612903225806,0.375,0.0461538461538461,0.0329479768786127,0.0514285714285714,0.0526315789473684
4106,1,0,2,0,2203,65,0.0154277699859747,0.18018018018018,0.0129151291512916,0.28125,0,0.2,0.0588235294117647,NaN
4196,1,0,0,0,0,0,NaN,NaN,NaN,NaN,NaN,NaN,NaN,NaN
4828,1,0,2,0,3015,220,0.00599354541263253,0.3,0.00437317784256563,0.428571428571429,0.00645161290322582,1,0.0185185185185185,1
4860,1,0,3,0,2133,2151,0.039622641509434,0.504,0.0055401662049861,0.25,0.0286054827175208,0.384615384615385,0.0212765957446809,0.25
4235,1,0,1,0,3338,148,0.0149812734082397,0.336633663366337,0.00283286118980175,0.0655737704918033,0,NaN,0,NaN
4559,1,0,1,0,0,0,NaN,NaN,NaN,NaN,NaN,NaN,NaN,NaN
4129,1,0,2,0,3452,1192,0.0240770465489567,0.03739982190561,0.0056338028169014,0.128205128205128,0.0151691948658109,0.46875,0.00377358490566038,NaN
4101,1,0,1,0,2137,1146,0.00614334470989764,0.266666666666667,0.005586592178771,0.130434782608696,0.0133333333333333,0.3,0.00928792569659442,0.8
4087,1,0,2,0,0,0,NaN,NaN,NaN,NaN,NaN,NaN,NaN,NaN
4427,1,0,0,0,0,0,NaN,NaN,NaN,NaN,NaN,NaN,NaN,NaN
4948,1,0,1,0,0,0,NaN,NaN,NaN,NaN,NaN,NaN,NaN,NaN
4225,1,0,0,0,2815,871,0.00652938221999,0.151515151515152,0.00853242320819114,0.0714285714285714,0.00755287009063443,0.454545454545455,0.0142857142857142,0.25
4888,1,0,2,0,3148,480,0.00831146106736658,0.37037037037037,0.0143769968051118,0.114285714285714,0.00518134715025909,0.5,0,NaN
4784,1,0,1,0,1865,4532,0.0736301369863014,0.0386904761904762,0.0105263157894737,0.0769230769230769,0.0485786254048218,0.138339920948617,0.0476973684210527,0.333333333333333
4096,1,0,0,0,0,6719,NaN,NaN,NaN,NaN,1,0.000695410292072323,0.8,0.00126635711270578
4166,1,0,3,0,1160,2409,0.00845410628019327,0.6,0.0155642023346303,0.181818181818182,0.0988296488946684,0.0631487889273356,0.117021276595745,0.10377358490566
4544,1,0,0,0,1,4064,NaN,NaN,NaN,NaN,NaN,0,1,0.0023094688221709
4697,1,0,1,0,275,387,0,NaN,0.025,1,0.00325732899022801,1,0,NaN
4462,1,0,3,0,655,2651,0.00583090379008744,0.0333333333333333,0.00884955752212391,0.038961038961039,0.166666666666667,0.0263991552270327,0.111111111111111,0.0544747081712062
4728,1,0,0,0,0,0,NaN,NaN,NaN,NaN,NaN,NaN,NaN,NaN
4204,1,0,2,0,2004,478,0.0261066969353008,0.0641025641025641,0.0293577981651376,0.0853080568720379,0.016,1,0.0473372781065089,0.363636363636364
4332,1,0,2,0,1629,88,0.0155148095909732,0.0894308943089431,0.0428571428571428,0.0537974683544304,0,NaN,0,NaN
4851,1,0,1,0,1639,4290,0.0060882800608828,0.5,0.0034602076124568,NaN,0.111265646731572,0.0230469919185873,0.0297029702970297,0.037037037037037
4139,1,0,2,0,0,98,NaN,NaN,NaN,NaN,0,0,NaN,0
4387,1,0,2,0,3425,560,0.06999306999307,0.0621030345800988,0.0370370370370371,0.226415094339623,0.136363636363636,0.0655737704918033,0.04,0.142857142857143
4449,1,0,2,0,1503,2461,0.0261927034611786,0.304347826086957,0.015686274509804,0.416666666666667,0.0117719950433705,0.192660550458716,0.0287907869481766,0.194444444444444
4656,1,0,0,0,0,0,NaN,NaN,NaN,NaN,NaN,NaN,NaN,NaN
4392,1,0,0,0,0,0,NaN,NaN,NaN,NaN,NaN,NaN,NaN,NaN
4463,1,0,1,0,0,0,NaN,NaN,NaN,NaN,NaN,NaN,NaN,NaN
4484,1,0,0,0,0,0,NaN,NaN,NaN,NaN,NaN,NaN,NaN,NaN
4169,1,0,0,0,0,0,NaN,NaN,NaN,NaN,NaN,NaN,NaN,NaN
4766,1,0,0,0,0,963,NaN,NaN,NaN,NaN,0.5,0.0033003300330033,NaN,0
4661,1,0,1,0,2072,2994,0.00777202072538863,0.136842105263158,0.00859598853868193,0.166666666666667,0.0909090909090909,0.0199575371549894,0.0151515151515151,0.1
4732,1,0,0,0,0,0,NaN,NaN,NaN,NaN,NaN,NaN,NaN,NaN
4525,1,0,3,0,1665,1598,0.0216450216450217,0.101063829787234,0.0329949238578681,0.157303370786517,0.0287769784172662,0.0106635071090047,0.0337837837837838,0.0231660231660232
4666,1,0,0,0,0,92,NaN,NaN,NaN,NaN,0,0.0138888888888889,NaN,NaN
4691,1,0,2,0,0,0,NaN,NaN,NaN,NaN,NaN,NaN,NaN,NaN
4624,1,0,1,0,3170,1216,0.00503202195791397,0.526315789473684,0.00344431687715274,0.266666666666667,0.0233812949640287,0.0211538461538462,0,0.5
4555,1,0,3,0,18,3842,0,NaN,0,NaN,0.139285714285714,0.0118413262285376,0.0504201680672269,0.162162162162162
4700,1,0,3,0,325,108,0,NaN,0,NaN,0,NaN,0.0303030303030303,0
4694,1,0,2,0,79,2771,0.0638297872340425,0.111111111111111,0,1,0.0919540229885057,0.0315734989648033,0.073170731707317,0.0263157894736842
4788,1,0,1,0,3128,286,0.00778388278388276,0.512820512820513,0.010958904109589,0.176470588235294,0.005,0,0,NaN
4581,1,0,3,0,0,6946,NaN,NaN,NaN,NaN,0.432432432432432,0.0054789971774863,0.277777777777778,0.00617283950617284
4762,1,0,1,0,3548,2641,0.0177087097940007,0.769230769230769,0.00744047619047616,0.8,0.00663129973474796,1,0.00937500000000002,1
4696,1,0,1,0,2523,2289,0.00443704936217415,0.888888888888889,0.0048939641109299,0.5,0.0523255813953488,0.034564958283671,0.17,0.0193704600484262
4459,1,0,0,0,0,0,NaN,NaN,NaN,NaN,NaN,NaN,NaN,NaN
4590,1,0,0,0,0,0,NaN,NaN,NaN,NaN,NaN,NaN,NaN,NaN
4628,1,0,0,0,0,0,NaN,NaN,NaN,NaN,NaN,NaN,NaN,NaN
4591,1,0,0,0,1,0,NaN,NaN,NaN,NaN,NaN,NaN,NaN,NaN
4818,1,0,3,0,137,4259,0,NaN,0,NaN,0.0329566854990584,0.0141405214317278,0.064935064935065,0.0222929936305732
4548,1,0,2,0,1901,1633,0.021181001283697,0.611111111111111,0.0182648401826484,0.6,0.0790378006872853,0.0215154349859682,0.0714285714285714,0.0187793427230047
4824,1,0,1,0,1258,3156,0.0212514757969303,0.183673469387755,0.00374531835205993,0.285714285714286,0.0139624458353395,0.0540037243947858,0.0113122171945701,0.5
4794,1,0,2,0,2799,61,0.0124293785310734,0.131736526946108,0.00970873786407767,0.0518518518518519,0,NaN,0,NaN
4825,1,0,1,0,1658,490,0.00359389038634317,0.833333333333333,0.00631578947368416,0.666666666666667,0,NaN,0,NaN
4823,1,0,1,0,621,6297,0.012847965738758,0.272727272727273,0,NaN,0.0477863668306395,0.0675675675675676,0.0464285714285714,0.0310701956271577
4789,1,0,3,0,0,0,NaN,NaN,NaN,NaN,NaN,NaN,NaN,NaN
4458,1,0,2,0,2347,935,0.00648584905660377,0.146666666666667,0.0145833333333333,0.333333333333333,0.010840108401084,0.352941176470588,0.00806451612903225,0.176470588235294
4657,1,0,3,0,969,655,0.0191458026509573,0.282608695652174,0.00877192982456143,0.333333333333333,0.0199556541019955,0.5,0.0181818181818182,0.230769230769231
4584,1,0,0,0,0,0,NaN,NaN,NaN,NaN,NaN,NaN,NaN,NaN
4545,1,0,2,0,1397,228,0.00529661016949157,0.333333333333333,0.0209580838323353,0.170212765957447,0.0203045685279187,0.285714285714286,0,NaN
4453,1,0,3,0,39,5300,0,NaN,0,NaN,0.131419939577039,0.0193693693693694,0.117647058823529,0.246153846153846
4639,1,0,3,0,36,2458,0,NaN,0,NaN,0.0588235294117647,0.0148107515085025,0.0425531914893617,0.025974025974026
4359,1,0,2,0,2713,14,0.0359052711993888,0.0892116182572614,0.03125,0.17910447761194,0,NaN,0,NaN
4483,1,0,1,0,770,5584,0.011441647597254,0.0833333333333333,0.0176991150442478,0.117647058823529,0.0981087470449172,0.0177304964539007,0.0404040404040404,0.0648148148148148
4520,1,0,2,0,970,1332,0.0392749244712991,0.385714285714286,0.0132743362831859,0.333333333333333,0.0107334525939177,0.523809523809524,0.00671140939597314,0.0909090909090909
4083,1,0,2,0,1709,546,0.00686498855835238,0.714285714285714,0.00769230769230766,0,0.0132978723404256,0.0851063829787234,0,0
4629,1,0,1,0,1442,2299,0.00697674418604655,0.0333333333333333,0.0129449838187702,0.1,0.022203947368421,0.0309789343246592,0.00414937759336098,0.375
4518,1,0,3,0,2178,740,0.041879468845761,0.0970873786407767,0.043557168784029,0.134831460674157,0.0163265306122449,0.216216216216216,0.0101010101010101,0.142857142857143
4491,1,0,0,0,0,0,NaN,NaN,NaN,NaN,NaN,NaN,NaN,NaN
4757,1,0,2,0,3289,2256,0.0129995185363505,0.120772946859903,0.0138568129330254,0.202898550724638,0.0584415584415584,0.0225314777998675,0.0109890109890109,0.157894736842105
4576,1,0,0,0,0,0,NaN,NaN,NaN,NaN,NaN,NaN,NaN,NaN
4493,1,0,3,0,3016,2,0.05,0.0302197802197802,0.0708661417322834,0.079646017699115,NaN,NaN,0,NaN
4726,1,0,0,0,1708,4396,0.0285714285714286,0.212765957446809,0.0692640692640693,0.0904109589041096,0.128048780487805,0.023822869955157,0.0609756097560976,0.0769230769230769
4635,1,0,1,0,0,0,NaN,NaN,NaN,NaN,NaN,NaN,NaN,NaN
4489,1,0,3,0,337,4491,0.00408163265306127,1,0.0123456790123457,1,0.133729569093611,0.0253056582314473,0.0234375,0.151515151515152
4168,1,0,1,0,556,5445,0.00502512562814073,0.333333333333333,0.0384615384615384,1,0.0846560846560847,0.0142561508392734,0.0535714285714286,0.0346534653465347
4577,1,0,3,0,0,0,NaN,NaN,NaN,NaN,NaN,NaN,NaN,NaN
4583,1,0,2,0,3977,942,0.0211907164480323,0.0356576862123613,0.00698080279232116,0.0666666666666667,0.00895140664961636,0.538461538461538,0.0196078431372549,0.25
4515,1,0,1,0,0,0,NaN,NaN,NaN,NaN,NaN,NaN,NaN,NaN
4492,1,0,3,0,967,1,0.00794912559618444,0.363636363636364,0.0108695652173914,0.153846153846154,NaN,NaN,0,NaN
4667,1,0,2,0,727,5602,0.0182555780933062,0.75,0.00490196078431371,0.333333333333333,0.0230823035672651,0.201941747572816,0.0447019867549668,0.154362416107383
4722,1,0,2,0,867,2022,0.0367775831873906,0.564102564102564,0.02,0.333333333333333,0.0196629213483146,0.227272727272727,0.103092783505155,0.0185365853658537
4514,1,0,1,0,1301,604,0.00653594771241828,0.333333333333333,0.00309597523219818,0.25,0.00233100233100236,1,0,NaN
4785,1,0,3,0,1422,4387,0.00470809792843696,0.357142857142857,0.00645161290322582,0.666666666666667,0.0886363636363636,0.0477430555555556,0.102473498233215,0.075
4558,1,0,3,0,1939,1091,0.0547588005215124,0.0530612244897959,0.0512820512820513,0.145299145299145,0.0487804878048781,0.019690576652602,0,0.25
4329,1,0,3,0,1508,3803,0.0505689001264222,0.0829875518672199,0.0558375634517766,0.588235294117647,0.152027027027027,0.0238230289279637,0.256410256410256,0.0127504553734062
4671,1,0,1,0,3138,904,0.000446627958910262,0.5,0.00406504065040647,1,0.00417827298050144,0.75,0,NaN
4695,1,0,0,0,0,0,NaN,NaN,NaN,NaN,NaN,NaN,NaN,NaN
4670,1,0,3,0,1013,2113,0.0179910044977512,0.15,0.0175438596491229,1,0.0452961672473867,0.0106951871657754,0.08,0.0112179487179487
4756,1,0,3,0,0,3676,NaN,NaN,NaN,NaN,0.1875,0.00270374662031672,0.1,0.00194174757281553
4753,1,0,2,0,2425,2203,0.014041514041514,0.115151515151515,0.00418410041841,0.0701754385964912,0.0401606425702812,0.118483412322275,0.0325443786982249,0.0827586206896552
4727,1,0,3,0,2894,413,0.0583873957367933,0.0479505027068832,0.0369230769230769,0.0725806451612903,0.0396039603960396,0.12962962962963,0.0225563909774437,0.357142857142857
4133,1,0,3,0,73,86,0,NaN,0,NaN,0,NaN,0,NaN
4763,1,0,2,0,1701,3827,0.0251299826689775,0.459016393442623,0.0133630289532294,0.636363636363636,0.0806023029229407,0.0364691255698301,0.0277777777777778,0.307692307692308
4819,1,0,2,0,1741,823,0.0127272727272727,0.317073170731707,0.00722021660649819,0.384615384615385,0.0124031007751938,0.380952380952381,0,NaN
4690,1,0,3,0,382,5207,0,NaN,0,NaN,0.0725925925925925,0.0255516840882695,0.0740740740740741,0.121951219512195
4625,1,0,3,0,549,4740,0.0196629213483146,0.4375,0.00694444444444442,0.2,0.0574121679520138,0.0234724292101341,0.0328767123287671,0.0328227571115974
4452,1,0,0,0,0,0,NaN,NaN,NaN,NaN,NaN,NaN,NaN,NaN
4701,1,0,1,0,3310,1013,0.0110864745011087,0.0826771653543307,0.00916030534351142,0.2,0.0297805642633229,0.215189873417722,0.0218340611353712,0.291666666666667
4856,1,0,2,0,2052,2005,0.0206052801030264,0.622641509433962,0.0123762376237624,0.5,0.0280504908835905,0.0270655270655271,0.0689655172413793,0.030379746835443
4111,1,0,2,0,1848,3873,0.0302351623740201,0.0429936305732484,0.0244897959183673,0.181818181818182,0.141987829614604,0.0231175693527081,0.0427350427350427,0.0307692307692308
4396,1,0,0,0,0,0,NaN,NaN,NaN,NaN,NaN,NaN,NaN,NaN
4327,1,0,1,0,1469,861,0.0297555791710946,0.131067961165049,0.00966183574879231,0.0416666666666667,0.017636684303351,0.0449438202247191,0,0.142857142857143
4173,1,0,1,0,107,4450,0,NaN,0,NaN,0.0220492866407264,0.0304347826086957,0.0230263157894737,0.0747663551401869
4430,1,0,2,0,1355,4244,0.00300300300300305,0.2,0,1,0.0149647887323944,0.1275,0.00626959247648906,0.2
6437,2,1,0,0,6512,119,0.0709470304975923,0.0841584158415842,0.0288659793814433,0.0567685589519651,0,NaN,0,NaN
6414,2,0,3,0,1239,2034,0.0305250305250305,0.181102362204724,0.036697247706422,0.243243243243243,0.0205047318611987,0.0117753623188406,0.0136986301369864,0.00995024875621891
6435,2,0,3,0,2387,960,0.00606366851945428,0.242424242424242,0.00497512437810943,0.0909090909090909,0.00469483568075113,0.833333333333333,0.015625,0
6411,2,0,0,0,0,0,NaN,NaN,NaN,NaN,NaN,NaN,NaN,NaN
6442,2,0,3,0,2579,2312,0.025965379494008,0.0597907324364723,0.00920245398773001,0.133333333333333,0.123222748815166,0.0150421179302046,0.192307692307692,0.032345013477089
6433,2,0,3,0,1983,307,0.00410958904109593,0.357142857142857,0,0.5,0,NaN,0,NaN
6111,2,0,3,0,1299,236,0.00711743772241991,0.0463576158940397,0.0142857142857142,0.125,0.0119760479041916,0.5,0.0344827586206896,0.333333333333333
6472,2,0,3,0,1224,5695,0.0271565495207667,0.0994152046783626,0.0970873786407767,0.0266666666666667,0.0907012195121951,0.0298215595208995,0.0795454545454546,0.0625
6477,2,0,2,0,0,0,NaN,NaN,NaN,NaN,NaN,NaN,NaN,NaN
6473,2,0,1,0,2548,2091,0.0176017601760176,0.115384615384615,0.00512820512820511,0.210526315789474,0.0515759312320917,0.0343137254901961,0.0794701986754967,0.0638297872340425
5415,2,0,3,0,5047,91,0.0462962962962963,0.107969151670951,0.0738137082601055,0.107142857142857,0.0392156862745098,0.25,0,0.142857142857143
6359,2,0,1,0,2909,3432,0.00886917960088696,0.238095238095238,0.00210526315789472,1,0.0704441041347627,0.0531286894923259,0.04,0.0202020202020202
5284,2,0,2,0,1650,3395,0.00664206642066423,0.476190476190476,0,NaN,0.0216606498194946,0.335227272727273,0.0219435736677116,0.380952380952381
5473,2,0,2,0,2780,2490,0.0218706375058166,0.326241134751773,0.0125628140703518,0.75,0.0788177339901478,0.0416088765603329,0.00840336134453779,0.0512820512820513
5615,2,0,2,0,413,5944,0.00571428571428567,0.571428571428571,0.0227272727272727,NaN,0.0676895306859205,0.0161325966850829,0.0374331550802139,0.135135135135135
5604,2,0,3,0,694,7595,0.0150375939849624,0.0115273775216138,0,0,0.0553935860058309,0.0134205092911218,0.0563380281690141,0.0109090909090909
6337,2,0,0,0,0,0,NaN,NaN,NaN,NaN,NaN,NaN,NaN,NaN
5454,2,0,1,0,2501,123,0.00654307524536535,0.478260869565217,0.0018281535648994,0.666666666666667,0,NaN,0,NaN
5423,2,0,2,0,1056,284,0.00407055630936226,0.272727272727273,0,0,0,NaN,0,NaN
6378,2,0,2,0,0,0,NaN,NaN,NaN,NaN,NaN,NaN,NaN,NaN
5472,2,0,3,0,4099,56,0.0300658978583196,0.0969101123595506,0.0359195402298851,0.171597633136095,0,NaN,0,NaN
6470,2,0,1,0,2357,1739,0.015203531142717,0.673913043478261,0.00990099009900991,1,0.0364372469635628,0.0293122886133033,0,0
5416,2,0,2,0,1866,2112,0.0319465081723626,0.220588235294118,0.00714285714285712,0,0.123020706455542,0.0837651122625216,0.0869565217391305,0.113207547169811
5600,2,0,2,0,1890,348,0.00979020979020984,0.111111111111111,0,0,0,NaN,0,NaN
5460,2,0,1,0,2542,3981,0.0149812734082397,0.283185840707965,0.00406504065040647,0,0.0498988536749831,0.0341766533510874,0.0368098159509203,0.157894736842105
5410,2,0,3,0,2674,2006,0.01142313184198,0.192,0.00884955752212391,0.1875,0.0372208436724566,0.146666666666667,0.0546218487394958,0.0829015544041451
5350,2,0,1,0,3943,1072,0.00328407224958949,0.314285714285714,0.00282087447108603,0.333333333333333,0.00548245614035092,0.333333333333333,0,NaN
6219,2,0,3,0,2806,1866,0.0126050420168067,0.490909090909091,0.00744878957169459,0.3,0.012,0.375,0.0288065843621399,0.4
5414,2,0,2,0,2580,2031,0.0103280680437424,0.0871559633027523,0.022887323943662,0.13953488372093,0.0515653775322283,0.0268041237113402,0.11304347826087,0.0326975476839237
6179,2,0,3,0,1231,1020,0.0187304890738814,0.5625,0.0197044334975369,0.5,0.054945054945055,0.0745501285347044,0.0185185185185185,1
6323,2,0,1,0,0,625,NaN,NaN,NaN,NaN,0.4,0.00182149362477231,0,NaN
5444,2,0,0,0,0,0,NaN,NaN,NaN,NaN,NaN,NaN,NaN,NaN
5659,2,0,3,0,4265,1368,0.0186657449014863,0.0863095238095238,0.0288624787775892,0.2,0.0249376558603491,0.0529595015576324,0.0318471337579618,0.114754098360656
5356,2,0,2,0,0,0,NaN,NaN,NaN,NaN,NaN,NaN,NaN,NaN
5321,2,0,3,0,1394,47,0.0608899297423887,0.194756554307116,0.0384615384615384,0.132075471698113,0.0277777777777778,0.333333333333333,0,NaN
5482,2,0,2,0,3721,1189,0.0153274500696702,0.0846153846153846,0.0203045685279187,0.0266393442622951,0.0295670538542767,0.325301204819277,0.0446428571428571,0.6
6360,2,0,0,0,0,0,NaN,NaN,NaN,NaN,NaN,NaN,NaN,NaN
5662,2,0,2,0,2142,3123,0.0199724517906336,0.175438596491228,0.0125786163522013,0.555555555555556,0.0740055504162812,0.0413009808982963,0.0163934426229508,0
6278,2,0,1,0,5248,682,0.00793650793650791,0.08,0.00757575757575757,0.134615384615385,0.0231481481481481,0.169491525423729,0.0258064516129032,0.384615384615385
5346,2,0,3,0,1416,5583,0.0752427184466019,0.0400552486187845,0.105263157894737,0.0537634408602151,0.2421875,0.01307740982915,0.302325581395349,0.0244360902255639
5583,2,0,2,0,129,17,0.0350877192982456,0.0769230769230769,NaN,0,0,NaN,NaN,NaN
6279,2,0,0,0,0,0,NaN,NaN,NaN,NaN,NaN,NaN,NaN,NaN
5483,2,0,2,0,1781,83,0.00553359683794463,0.4375,0.0157068062827225,0.277777777777778,0,NaN,0,NaN
6223,2,0,1,0,774,93,0.00571428571428567,0.181818181818182,0.0113636363636364,0.25,0,NaN,0,NaN
6405,2,0,1,0,2745,3428,0.0195858981533296,0.158371040723982,0.0168269230769231,0.0401606425702811,0.0695538057742782,0.0197521301316809,0,0.214285714285714
5450,2,0,2,0,864,224,0.00167785234899331,0.142857142857143,0,NaN,0,NaN,0,NaN
5421,2,0,1,0,3336,757,0.00908746686861039,0.581395348837209,0.00527240773286464,0.5,0.0078125,0.454545454545455,0,NaN
5441,2,0,1,0,756,6163,0.0150659133709982,0.347826086956522,0.0280898876404494,0.384615384615385,0.102695167286245,0.0613789237668161,0.0641711229946524,0.0764705882352941
6382,2,0,3,0,3065,2099,0.0594353640416048,0.1168,0.0560538116591929,0.0514950166112957,0.0656934306569343,0.0272479564032698,0.0416666666666666,0
6280,2,0,1,0,4457,102,0.00370475919065261,0.321428571428571,0.00279720279720275,0.384615384615385,0,NaN,0,NaN
5648,2,0,3,0,1517,1540,0.0253045923149016,0.193798449612403,0.016260162601626,0.318181818181818,0.0691056910569106,0.0726744186046512,0.0535714285714286,0.0967741935483871
5417,2,0,2,0,2559,825,0.00982419855222338,0.428571428571429,0.00202429149797567,0.2,0.0406091370558376,0.0569395017793594,0,0
6218,2,0,1,0,1664,1595,0.0218446601941747,0.179310344827586,0.00540540540540535,1,0.0661764705882353,0.0412249705535925,0.032967032967033,0.263157894736842
5477,2,0,1,0,5328,350,0.00774779588565322,0.142857142857143,0.0145413870246085,0.0333333333333333,0.0257510729613734,0.179487179487179,0,NaN
5611,2,0,2,0,1253,357,0.00535331905781589,0.625,0,NaN,0,NaN,0,NaN
6132,2,0,2,0,4031,54,0.00678642714570854,0.0324675324675325,0.00275482093663915,0.00552486187845304,0.025,1,0,NaN
5351,2,0,2,0,3416,291,0.0100136549840691,0.0741935483870968,0.0155807365439093,0.116279069767442,0,NaN,0,NaN
5318,2,0,1,0,3368,451,0.00762485703393057,0.306451612903226,0.0016556291390728,0.5,0.0128205128205128,0.285714285714286,0,NaN
5383,2,0,2,0,0,0,NaN,NaN,NaN,NaN,NaN,NaN,NaN,NaN
5285,2,0,1,0,2573,126,0.00480512546716494,0.126760563380282,0.0197132616487455,0.545454545454545,0,NaN,0,NaN
5408,2,0,1,0,1516,329,0.0120087336244541,0.0303030303030303,0.0078125,0.217391304347826,0.00763358778625955,0.133333333333333,0,NaN
5445,2,0,3,0,0,0,NaN,NaN,NaN,NaN,NaN,NaN,NaN,NaN
5579,2,0,0,0,0,0,NaN,NaN,NaN,NaN,NaN,NaN,NaN,NaN
5353,2,0,1,0,504,2887,0.00544959128065392,0.25,0.018348623853211,0.333333333333333,0.000894454382826426,0.0375,0,NaN
5476,2,0,3,0,3029,66,0.0448818897637795,0.0627306273062731,0.0391061452513967,0.0354477611940298,0,NaN,0.0384615384615384,1
5573,2,0,2,0,4180,217,0.00791193670450641,0.39344262295082,0.0168483647175421,0.419354838709677,0.00900900900900903,0,0.025974025974026,0.2
5601,2,0,1,0,1713,3019,0.0201042442293373,0.254716981132075,0.0104166666666666,0.5,0.0275502606105733,0.0275807722616233,0.0476190476190477,0.0416666666666667
5653,2,0,3,0,742,3323,0.00995024875621886,0.833333333333333,0.0376712328767124,0.434782608695652,0.106796116504854,0.0147694524495677,0.0294117647058824,0.131578947368421
5281,2,0,1,0,2684,3175,0.0147368421052632,0.130434782608696,0.00835073068893533,0.131578947368421,0.0483754512635379,0.064453125,0.119205298013245,0.0339285714285714
6143,2,0,2,0,1192,1928,0.0156062424969988,0.351351351351351,0,NaN,0.0263157894736842,0.0360824742268041,0.0133333333333333,0.222222222222222
5253,2,0,1,0,1749,2082,0.0125786163522013,0.576923076923077,0.0342465753424658,0.0274914089347079,0.0164305949008499,0.228346456692913,0.00704225352112675,1
5382,2,0,1,0,3597,298,0.0134398837631674,0.226744186046512,0.0161290322580645,0.241379310344828,0.0349344978165939,0.181818181818182,0,NaN
5352,2,0,1,0,2700,732,0.00600600600600598,0.379310344827586,0.00366300366300365,1,0.00311041990668737,0.5,0,NaN
6146,2,0,2,0,2362,141,0.0160390516039052,0.295774647887324,0.0263852242744064,0.0338983050847458,0.0198019801980198,0.285714285714286,0,NaN
6182,2,0,3,0,106,190,0.0114942528735632,1,0,NaN,0.0381679389312977,0.352941176470588,0,NaN
5283,2,0,0,0,0,0,NaN,NaN,NaN,NaN,NaN,NaN,NaN,NaN
6415,2,0,3,0,2423,89,0.017996400719856,0.208860759493671,0.0578778135048231,0.0595238095238095,0,NaN,0,NaN
6324,2,0,3,0,1202,64,0.01431718061674,0.270833333333333,0.0176470588235295,0.2,0,NaN,0,NaN
6249,2,0,2,0,3402,710,0.00930044480388192,0.170940170940171,0.0049099836333879,0.181818181818182,0.00656455142231949,0.0206896551724138,0.0576923076923077,0.0476190476190476
5327,2,0,1,0,2439,3536,0.00772626931567333,0.40625,0.00202429149797567,1,0.0302267002518891,0.0451010886469673,0.00574712643678166,0.2
5294,2,0,1,0,3483,532,0.00710702341137126,0.142857142857143,0.0105708245243129,0.00815217391304348,0.0387596899224806,0.0378151260504202,0,0
6379,2,0,1,0,2831,280,0.00839091806515302,0.32258064516129,0.00707964601769917,0.307692307692308,0.0190476190476191,0.444444444444444,0.0344827586206896,0.5
5658,2,0,3,0,3451,599,0.046220772158782,0.10025706940874,0.0288808664259927,0.159235668789809,0.0398009950248757,0.151260504201681,0.0416666666666666,0.2
6188,2,0,2,0,1189,71,0.00757575757575757,0.421052631578947,0.00502512562814073,NaN,0,NaN,0,NaN
6110,2,0,0,0,0,0,NaN,NaN,NaN,NaN,NaN,NaN,NaN,NaN
6147,2,0,0,0,0,0,NaN,NaN,NaN,NaN,NaN,NaN,NaN,NaN
6383,2,0,0,0,0,0,NaN,NaN,NaN,NaN,NaN,NaN,NaN,NaN
6240,2,0,3,0,14,8771,0,NaN,NaN,NaN,0.198757763975155,0.00854936569222283,0.128440366972477,0.0142045454545455
6313,2,0,3,0,2259,2476,0.0666666666666667,0.0292230933713471,0.0551724137931034,0.169811320754717,0.0589519650655022,0.016374269005848,0.181818181818182,0.00704225352112676
5384,2,0,3,0,0,0,NaN,NaN,NaN,NaN,NaN,NaN,NaN,NaN
6294,2,0,2,0,3180,1376,0.00503989920201597,0.722222222222222,0.0092592592592593,0.307692307692308,0.0313531353135313,0.0321428571428571,0.032258064516129,0.153846153846154
6184,2,0,2,0,3367,117,0.0040338846308996,0.545454545454545,0.00266311584553924,0.2,0,NaN,0,NaN
5290,3,1,0,0,5203,12,0.0889039701391245,0.14916810097533,0.0524691358024691,0.135338345864662,0,NaN,0,NaN
6254,3,0,0,0,0,0,NaN,NaN,NaN,NaN,NaN,NaN,NaN,NaN
6185,3,0,0,0,0,0,NaN,NaN,NaN,NaN,NaN,NaN,NaN,NaN
6101,3,0,0,0,0,0,NaN,NaN,NaN,NaN,NaN,NaN,NaN,NaN
6222,3,0,0,0,0,0,NaN,NaN,NaN,NaN,NaN,NaN,NaN,NaN
6695,3,0,2,0,65,422,0,NaN,0,NaN,0.015625,0.227272727272727,0,NaN
6713,3,0,3,0,205,5103,0.00617283950617287,NaN,0,NaN,0.178861788617886,0.0221157390342794,0.231884057971015,0.0303867403314917
6703,3,0,3,0,820,2,0.0358814352574103,0.523809523809524,0.02,0.4,0,NaN,NaN,NaN
6502,3,0,0,0,0,0,NaN,NaN,NaN,NaN,NaN,NaN,NaN,NaN
6696,3,0,0,0,0,6505,NaN,NaN,NaN,NaN,1,0.000211237853823405,1,0.000569151963574274
6499,3,0,2,0,271,106,0,0.1,0,0,0,0,0,NaN
6717,3,0,0,0,0,0,NaN,NaN,NaN,NaN,NaN,NaN,NaN,NaN
6212,3,0,0,0,0,0,NaN,NaN,NaN,NaN,NaN,NaN,NaN,NaN
6548,3,0,2,0,3718,509,0.055613850996852,0.0765987350667604,0.0251572327044025,0.3,0.373913043478261,0.112860892388451,NaN,0
6505,3,0,0,0,0,0,NaN,NaN,NaN,NaN,NaN,NaN,NaN,NaN
5578,3,0,0,0,0,0,NaN,NaN,NaN,NaN,NaN,NaN,NaN,NaN
6684,3,0,2,0,2090,732,0.00388098318240626,0.0448717948717949,0.0083333333333333,0.0238095238095238,0.0299003322259136,0.18,0,NaN
6537,3,0,3,0,0,7039,NaN,NaN,NaN,NaN,0.365740740740741,0.0122853759621078,0.571428571428571,0.0208333333333333
6710,3,0,0,0,0,0,NaN,NaN,NaN,NaN,NaN,NaN,NaN,NaN
5312,3,0,3,0,321,490,0.0217391304347826,0.125,0.0384615384615384,0,0.0370370370370371,0.0548780487804878,0,NaN
6189,3,0,3,0,2116,1067,0.0457650273224044,0.179347826086957,0.0114942528735632,0.0727272727272727,0.0291479820627802,0.228070175438596,0.027027027027027,1
6706,3,0,2,0,2362,1825,0.00935093509350937,0.0711111111111111,0.00896860986547088,0.111111111111111,0.0828538550057537,0.0810185185185185,0.0384615384615384,0.277777777777778
6685,3,0,2,0,1942,1669,0.00979751796211625,0.160919540229885,0.00450450450450446,0.153846153846154,0.0358695652173913,0.0511627906976744,0,NaN
6688,3,0,0,0,0,0,NaN,NaN,NaN,NaN,NaN,NaN,NaN,NaN
6632,3,0,1,0,1042,199,0.0011560693641619,NaN,0,NaN,0,NaN,0,NaN
6310,3,0,3,0,493,2868,0.00526315789473686,0.5,0,0.5,0.201550387596899,0.0459317585301837,0.05,0.0714285714285714
6509,3,0,3,0,1242,73,0.0195348837209303,0.294117647058824,0.0128205128205128,0.666666666666667,0,NaN,0,NaN
6503,3,0,2,0,758,885,0.00536672629695889,0.166666666666667,0,NaN,0.00850340136054417,0.0980392156862745,0,0
6504,3,0,1,0,1960,567,0.0146627565982405,0.0271186440677966,0.02,0.0341880341880342,0.021598272138229,0.18,0.04,1
6508,3,0,2,0,2062,1479,0.00304136253041365,0.0909090909090909,0,1,0.0194690265486726,0.0154440154440154,0,NaN
6498,3,0,0,0,0,0,NaN,NaN,NaN,NaN,NaN,NaN,NaN,NaN
6410,3,0,1,0,2322,911,0.00723888314374355,0.115044247787611,0.00531914893617025,0.166666666666667,0.00498132004981322,1,0,NaN
6372,3,0,0,0,0,0,NaN,NaN,NaN,NaN,NaN,NaN,NaN,NaN
6275,3,0,1,0,228,119,0.00531914893617025,1,0,NaN,0,NaN,0,NaN
5347,3,0,1,0,0,0,NaN,NaN,NaN,NaN,NaN,NaN,NaN,NaN
6128,3,0,2,0,519,1105,0.00237529691211402,0.2,0,NaN,0.00835945663531867,0.333333333333333,0,NaN
5291,3,0,3,0,616,4051,0.0193050193050193,0.470588235294118,0.0192307692307693,0.666666666666667,0.160287081339713,0.0365005793742758,0.268571428571429,0.0296684118673647
6332,3,0,0,0,0,0,NaN,NaN,NaN,NaN,NaN,NaN,NaN,NaN
6183,3,0,2,0,1459,2483,0.0364098221845893,0.565789473684211,0.00641025641025639,0.111111111111111,0.042532624456259,0.431279620853081,0.016260162601626,0.5
6340,3,0,0,0,0,0,NaN,NaN,NaN,NaN,NaN,NaN,NaN,NaN
6129,3,0,0,0,0,0,NaN,NaN,NaN,NaN,NaN,NaN,NaN,NaN
6317,3,0,2,0,0,0,NaN,NaN,NaN,NaN,NaN,NaN,NaN,NaN
6138,3,0,1,0,1386,671,0.00657894736842102,0.5,0.00952380952380949,1,0.00676818950930624,0.8,0.0175438596491229,1
5652,3,0,2,0,2118,464,0.0235849056603774,0.465116279069767,0,0,0.0103806228373703,0.0166666666666667,0,NaN
5614,3,0,3,0,730,512,0.0100603621730382,0.037037037037037,0,0,0.0210772833723654,0.642857142857143,0.0256410256410257,0
6106,3,0,3,0,2568,2461,0.00519112789051435,0.214285714285714,0.0141342756183745,0.1875,0.0595567867036011,0.0251647693229479,0,0.2
5292,3,0,3,0,1465,2185,0.0142970611596506,0.309090909090909,0,0.285714285714286,0.0409836065573771,0.0164473684210526,0,NaN
6373,3,0,1,0,1465,1372,0.0152963671128107,0.10077519379845,0.0151515151515151,0.0655737704918033,0.00796460176991154,0.9,0.0372093023255814,0.727272727272727
6306,3,0,2,0,3816,1031,0.00497512437810943,0.116279069767442,0.00771208226221076,0.25,0.00445930880713485,0.333333333333333,0,NaN
6251,3,0,0,0,0,0,NaN,NaN,NaN,NaN,NaN,NaN,NaN,NaN
6350,3,0,3,0,656,5510,0.0262390670553936,0.04296875,0.0967741935483871,0.117647058823529,0.269513991163476,0.0375627866346364,0.181818181818182,0.137931034482759
6151,3,0,1,0,0,0,NaN,NaN,NaN,NaN,NaN,NaN,NaN,NaN
5385,3,0,3,0,0,0,NaN,NaN,NaN,NaN,NaN,NaN,NaN,NaN
6369,3,0,2,0,0,0,NaN,NaN,NaN,NaN,NaN,NaN,NaN,NaN
6463,3,0,1,0,4637,749,0.00350965154173977,0.538461538461538,0,0,0.0271084337349398,0.45,0,NaN
6466,3,0,3,0,2244,79,0.0067567567567568,0.270833333333333,0.00338983050847452,0.166666666666667,0,NaN,0,NaN
6258,3,0,2,0,2817,521,0.00433087916847119,0.255813953488372,0.0126903553299492,1,0.00212314225053079,1,0,NaN
6161,3,0,3,0,492,892,0,0.0909090909090909,0,NaN,0.0070224719101124,0.138888888888889,0,NaN
5582,3,0,0,0,827,252,0.014760147601476,0.0604026845637584,0.00943396226415094,0,0.00438596491228072,0.5,0,NaN
5357,3,0,1,0,1460,389,0.0207570207570208,0.042654028436019,0.0299401197604791,0.2,0.00321543408360125,0.0625,0.0204081632653061,1
5388,3,0,1,0,1903,106,0.00898410504492053,0.333333333333333,0.00636942675159236,0.15,0,NaN,0,NaN
5314,3,0,2,0,1874,1155,0.00366300366300365,0.555555555555556,0,NaN,0.00571428571428567,0.214285714285714,0,NaN
5649,3,0,1,0,2019,216,0.00975889781859929,0.470588235294118,0,0.5,0,NaN,0,NaN
6209,3,0,2,0,0,0,NaN,NaN,NaN,NaN,NaN,NaN,NaN,NaN
5259,3,0,1,0,4062,530,0.012846131886954,0.229166666666667,0.0161290322580645,0.210526315789474,0.0133630289532294,0.238095238095238,0,NaN
5443,3,0,0,0,0,0,NaN,NaN,NaN,NaN,NaN,NaN,NaN,NaN
6139,3,0,2,0,0,0,NaN,NaN,NaN,NaN,NaN,NaN,NaN,NaN
5379,3,0,3,0,280,2212,0.00806451612903225,1,0,NaN,0.0508474576271186,0.017603249830738,0.0439560439560439,0.0533333333333333
6152,3,0,1,0,983,3626,0.0145631067961165,0.217391304347826,0,1,0.0433482810164425,0.0581639803784163,0.0238095238095238,0.25
6448,3,0,1,0,206,4902,0,NaN,0,NaN,0.0356933879461674,0.0220918191232309,0.0102040816326531,0.0212765957446809
6156,3,0,1,0,3633,405,0.0189606741573034,0.18213058419244,0.0147492625368731,0.173913043478261,0,NaN,0.0126582278481012,0.2
6341,3,0,3,0,1923,680,0.0474358974358975,0.437869822485207,0.00636942675159236,0,0.00652528548123976,0.307692307692308,0,NaN
6107,3,0,1,0,0,0,NaN,NaN,NaN,NaN,NaN,NaN,NaN,NaN
6346,3,0,2,0,1399,375,0.00882612533097971,0.285714285714286,0.0114942528735632,0.666666666666667,0,NaN,0,NaN
6241,3,0,1,0,0,0,NaN,NaN,NaN,NaN,NaN,NaN,NaN,NaN
5319,3,0,0,0,0,0,NaN,NaN,NaN,NaN,NaN,NaN,NaN,NaN
6479,3,0,3,0,0,0,NaN,NaN,NaN,NaN,NaN,NaN,NaN,NaN
6213,3,0,3,0,0,0,NaN,NaN,NaN,NaN,NaN,NaN,NaN,NaN
6142,3,0,3,0,65,3599,0,NaN,0,NaN,0.115853658536585,0.0193397799266422,0.073170731707317,0.027027027027027
5378,3,0,1,0,1331,233,0.00189393939393945,0.1,0.00995024875621886,0.75,0,NaN,0,NaN
5258,3,0,1,0,0,0,NaN,NaN,NaN,NaN,NaN,NaN,NaN,NaN
5451,3,0,2,0,1929,931,0.0104302477183833,0.195402298850575,0.0126582278481012,0.333333333333333,0.0222804718217562,0.168224299065421,0.0465116279069767,1
5325,3,0,3,0,394,5998,0.0178571428571429,0.384615384615385,0,NaN,0.119089316987741,0.0185185185185185,0.231481481481482,0.0156889495225102
6400,3,0,2,0,0,0,NaN,NaN,NaN,NaN,NaN,NaN,NaN,NaN
6285,3,0,2,0,2880,852,0.011623246492986,0.818181818181818,0.00395256916996045,1,0.00407055630936226,0.5,0,NaN
6284,3,0,2,0,1458,2545,0.00255319148936173,0.307692307692308,0,0,0.0173482032218092,0.0357615894039735,0.00980392156862742,0.214285714285714
6571,3,0,0,0,0,0,NaN,NaN,NaN,NaN,NaN,NaN,NaN,NaN
6772,3,0,3,0,637,2623,0.0113851992409867,0.545454545454545,0,NaN,0.0537870472008781,0.029126213592233,0.027027027027027,0.0833333333333333
6560,3,0,3,0,1117,730,0.00429645542427493,0.571428571428571,0.0089285714285714,1,0.0462555066079295,0.0956521739130435,0.0370370370370371,0.5
6674,3,0,0,0,0,0,NaN,NaN,NaN,NaN,NaN,NaN,NaN,NaN
6604,4,1,0,0,5290,335,0.151682571572074,0.11280487804878,0.132467532467533,0.208494208494208,0.0163265306122449,0.193548387096774,0.0454545454545454,NaN
6570,4,0,2,0,0,0,NaN,NaN,NaN,NaN,NaN,NaN,NaN,NaN
6575,4,0,2,0,1580,5699,0,NaN,0,NaN,0,NaN,0,NaN
6746,4,0,1,0,2473,4153,0.0205198358413132,0.0547445255474453,0.0287958115183246,0.333333333333333,0.0720720720720721,0.0291666666666667,0.0347826086956522,0.0763888888888889
6637,4,0,3,0,1277,6821,0.0444915254237288,0.040983606557377,0.0211267605633803,0.0251572327044025,0.0956521739130435,0.0300734618916437,0.0806451612903226,0.0193842645381984
6741,4,0,2,0,1186,3209,0.00584112149532712,0.416666666666667,0,NaN,0.0759219088937093,0.0597986974541149,0.0272727272727272,0.7
6680,4,0,2,0,392,6463,0.0114942528735632,1,0.0357142857142857,0.5,0.0746113989637306,0.0345484870145342,0.0639097744360902,0.395348837209302
6599,4,0,1,0,0,0,NaN,NaN,NaN,NaN,NaN,NaN,NaN,NaN
6629,4,0,2,0,5454,788,0.0347490347490348,0.217307692307692,0.0315278900565885,0.18,0.0257009345794392,0.6875,0.0288461538461539,0.5
6627,4,0,1,0,1582,1521,0.0118543607112617,0.433333333333333,0.009493670886076,0.8,0.0828025477707006,0.0376344086021505,0.0126582278481012,0.238095238095238
6076,4,0,3,0,849,1614,0.0165289256198347,0.04,0,0,0.0642570281124498,0.0325865580448065,0,0
6072,4,0,1,0,2673,1793,0.00853727945361415,0.0334029227557411,0.00277777777777777,0.222222222222222,0.0517560073937153,0.0358056265984655,0.0285714285714286,0.0231481481481481
6045,4,0,2,0,5296,759,0.0379052369077306,0.246006389776358,0.00689655172413794,0.363636363636364,0.0408653846153846,0.0952380952380952,0.0480769230769231,0.146341463414634
6077,4,0,1,0,2764,554,0.0108374384236454,0.226415094339623,0.012962962962963,0.363636363636364,0.0102301790281329,0.4,0.0074626865671642,1
6067,4,0,1,0,1572,834,0.016365202411714,0.184466019417476,0.0172413793103449,0.0789473684210526,0.0392523364485982,0.32258064516129,0.0171428571428571,0.121212121212121
6012,4,0,3,0,0,0,NaN,NaN,NaN,NaN,NaN,NaN,NaN,NaN
6750,4,0,1,0,2384,945,0.00976205003050645,0.0463768115942029,0.00290697674418605,0.25,0.016366612111293,0.157142857142857,0.0277777777777778,0.0357142857142857
6736,4,0,3,0,0,8591,NaN,NaN,NaN,NaN,0.359375,0.0110729285987018,0.163265306122449,0.0304449648711944
6631,4,0,1,0,1134,1789,0.0194647201946472,0.571428571428571,0,NaN,0.0412698412698412,0.0557142857142857,0.02,0.166666666666667
6040,4,0,2,0,489,133,0.0102827763496144,0.117647058823529,0,0,0,NaN,0,NaN
6038,4,0,1,0,3306,2140,0.0136443661971831,0.08,0.00943396226415094,0.041958041958042,0.071537290715373,0.0378847671665351,0.0827067669172933,0.15625
6007,4,0,1,0,4322,2224,0.0216874628639334,0.386243386243386,0.0108695652173914,0.148936170212766,0.0601694915254237,0.0822407628128725,0.0138888888888888,0.0555555555555556
6574,4,0,1,0,2266,916,0.011002444987775,0.189473684210526,0.00272479564032702,0.1,0.0124137931034483,0.152542372881356,0,NaN
5943,4,0,1,0,3736,340,0.0401639344262295,0.21505376344086,0.0579937304075235,0.236111111111111,0.0221238938053098,1,0,1
6768,4,0,1,0,4009,299,0.00517799352750814,0.333333333333333,0.00528401585204752,0.235294117647059,0.00526315789473686,0.166666666666667,0.0119047619047619,0.125
5945,4,0,2,0,1446,4185,0.0098920863309353,0.305555555555556,0,NaN,0.0452261306532663,0.0363003480855296,0.0401785714285714,0.0253968253968254
6002,4,0,0,0,0,8440,NaN,NaN,NaN,NaN,1,0.000669882100750268,1,0.00209863588667366
6561,4,0,3,0,1298,5369,0.0353634577603144,0.0412573673870334,0.00425531914893618,0,0.083,0.0236794171220401,0.0871794871794872,0.0223792697290931
5978,4,0,2,0,846,112,0.014760147601476,0.210526315789474,0.014018691588785,0.333333333333333,0,NaN,0,NaN
5942,4,0,1,0,0,0,NaN,NaN,NaN,NaN,NaN,NaN,NaN,NaN
6071,4,0,3,0,1016,5730,0.0483460559796438,0.0705882352941176,0.00626959247648906,0.0625,0.123552123552124,0.0126990526103608,0.0735294117647058,0.0290697674418605
5973,4,0,1,0,1708,4121,0.00535236396074934,0.545454545454545,0.0183673469387755,0.727272727272727,0.0463215258855586,0.04661487236404,0.0331491712707183,0.228070175438596
6658,4,0,2,0,2120,348,0.0364963503649635,0.0680933852140078,0.0339506172839507,0.0397111913357401,0.0397350993377483,0.0784313725490196,0.03125,0.0666666666666667
6008,4,0,0,0,0,0,NaN,NaN,NaN,NaN,NaN,NaN,NaN,NaN
6003,4,0,1,0,848,659,0.00952380952380949,0.428571428571429,0,NaN,0,NaN,0.0172413793103449,0.571428571428571
6634,4,0,0,0,0,0,NaN,NaN,NaN,NaN,NaN,NaN,NaN,NaN
5972,4,0,0,0,0,0,NaN,NaN,NaN,NaN,NaN,NaN,NaN,NaN
6039,4,0,1,0,931,5618,0.0143603133159269,0.785714285714286,0.00819672131147542,1,0.100719424460432,0.0295957651588065,0.0390625,0.106060606060606
5948,4,0,0,0,0,0,NaN,NaN,NaN,NaN,NaN,NaN,NaN,NaN
6594,4,0,1,0,1862,3684,0.0162659123055162,0.289156626506024,0.00653594771241828,0.4,0.0526315789473685,0.0616929698708752,0.0291777188328912,0.133858267716535
6005,4,0,2,0,3818,551,0.0110924369747899,0.175757575757576,0.00986193293885607,0.216216216216216,0.0303030303030303,0.0594594594594595,0,0
6035,4,0,1,0,73,16,0,NaN,0,NaN,0,NaN,0,NaN
6626,4,0,3,0,1665,5250,0.0717703349282297,0.0401146131805158,0.138297872340426,0.0324074074074074,0.178988326848249,0.0154440154440154,0.307086614173228,0.0195121951219512
6601,4,0,0,0,0,5746,NaN,NaN,NaN,NaN,0.313953488372093,0.00478645066273932,0.145833333333333,0.0804597701149425
6636,4,0,3,0,916,39,0.0256410256410257,0.486486486486487,0.0534979423868313,0.423076923076923,0,NaN,0,NaN
5938,4,0,0,0,0,2302,NaN,NaN,NaN,NaN,NaN,0,NaN,0
6070,4,0,2,0,1036,155,0.0261011419249593,0.151515151515152,0.00800000000000001,0.0769230769230769,0,NaN,0.0294117647058824,0
6675,4,0,2,0,3459,1867,0.0202312138728323,0.394366197183099,0.00428265524625271,0.153846153846154,0.0545938748335553,0.06645056726094,0.0726256983240223,0.048951048951049
5939,4,0,1,0,2025,237,0.00781860828772474,0.0590717299578059,0.0131926121372031,0.0967741935483871,0.0375939849624061,0.105263157894737,0,0
6044,4,0,1,0,537,6023,0.0247252747252747,0.123287671232877,0,0.0526315789473684,0.0755269320843092,0.0327341024953045,0.0625,0.0503355704697987
6013,4,0,3,0,1622,2409,0.0391644908616188,0.0476947535771065,0.0266666666666666,0.153846153846154,0.149837133550489,0.0424581005586592,0.175438596491228,0.0256410256410256
6034,4,0,3,0,402,7956,0.00653594771241828,0.181818181818182,0,NaN,0.134883720930233,0.0237862495927012,0.0823529411764706,0.0251346499102334
5949,4,0,1,0,4267,934,0.0112436115843271,0.246575342465753,0.0185995623632386,0.170454545454545,0.0222222222222223,0.0321285140562249,0.0384615384615384,0.0348837209302326
5982,4,0,3,0,2603,3103,0.20253164556962,0.0206794682422452,0.0192307692307693,0.0675675675675676,0.111801242236025,0.0133945656333716,0.0283687943262412,0.222222222222222
6010,4,0,2,0,2315,293,0.00919842312746388,0.0872093023255814,0.0228310502283106,0.125,0,NaN,0,NaN
6066,4,0,1,0,3303,183,0.0179972311952007,0.102689486552567,0.0093109869646183,0.0326086956521739,0,NaN,0,NaN
6723,4,0,2,0,0,0,NaN,NaN,NaN,NaN,NaN,NaN,NaN,NaN
6875,4,0,2,0,2465,589,0.0051446945337621,0.0284810126582278,0.00210970464135019,0.0444444444444444,0.00729927007299269,0.285714285714286,0,0
6598,4,0,2,0,1999,1331,0.0131744040150564,0.444444444444444,0.0245614035087719,0.625,0.0460081190798376,0.072289156626506,0.0412371134020618,0.119047619047619
6841,4,0,0,0,0,114,NaN,NaN,NaN,NaN,NaN,0,NaN,0
6933,4,0,3,0,811,6241,0.00665557404326123,0.0793650793650794,0.0158730158730159,0.142857142857143,0.131923464249748,0.0267355650415637,0.146551724137931,0.0438184663536776
6565,4,0,3,0,467,5713,0.051779935275081,0.483870967741935,0.0106382978723404,0.5,0.242424242424242,0.0215195432586737,0.136,0.0426621160409556
6904,4,0,2,0,2738,1347,0.0212765957446809,0.564102564102564,0.00477326968973746,0.666666666666667,0.0134874759152216,0.6,0.0133928571428571,0.333333333333333
6814,4,0,1,0,0,0,NaN,NaN,NaN,NaN,NaN,NaN,NaN,NaN
6073,4,0,1,0,2236,589,0.0058275058275058,0.529411764705882,0.00744416873449127,0.333333333333333,0.0163934426229508,0.391304347826087,0.0227272727272727,0.2
6679,4,0,1,0,2311,2325,0.00659703133589884,0.722222222222222,0.00461893764434185,0,0.0161394448030988,0.0646900269541779,0.0192926045016077,0.214285714285714
6789,4,0,1,0,426,6128,0,NaN,0,NaN,0.0307539682539683,0.0863509749303621,0.0169851380042463,0.101010101010101
5969,4,0,1,0,2859,502,0.0182625863770978,0.162995594713656,0.00514138817480725,0.0294117647058824,0.005586592178771,0.0666666666666667,0,NaN
6838,4,0,1,0,0,1031,NaN,NaN,NaN,NaN,0.24,0.0241657077100115,0.125,0.19047619047619
6908,4,0,3,0,1542,2923,0.0294550810014728,0.0281899109792285,0.0303030303030303,0.08,0.0687732342007435,0.0193548387096774,0.0297029702970297,0.0327868852459016
6903,4,0,2,0,80,595,0,NaN,0,NaN,0.0483870967741935,0.0260115606936416,0.0476190476190477,0
6879,4,0,1,0,2427,619,0.00156331422615941,0.0806451612903226,0.0033783783783784,0.2,0.0353535353535354,0.1015625,0.0153846153846153,0
6839,4,0,2,0,2548,3714,0.00877645844088792,0.12751677852349,0.00483091787439616,NaN,0.0684931506849316,0.0357962368058743,0.00602409638554213,0.6
6779,4,0,0,0,0,0,NaN,NaN,NaN,NaN,NaN,NaN,NaN,NaN
6778,4,0,3,0,735,4303,0.0200729927007299,0.158730158730159,0,0.333333333333333,0.157996146435453,0.0375457875457875,0.178082191780822,0.0186980609418283
6834,4,0,2,0,1632,1025,0.0159433126660762,0.277777777777778,0.0190735694822888,0.416666666666667,0.0267983074753173,0.0974358974358974,0.03125,0.6
5968,4,0,3,0,0,0,NaN,NaN,NaN,NaN,NaN,NaN,NaN,NaN
6840,4,0,3,0,216,6580,0,NaN,0,NaN,0.218687872763419,0.0187319884726225,0.0683760683760684,0.0410958904109589
6773,4,0,3,0,1199,4670,0.0377358490566038,0.00755287009063444,0.14,0.0202898550724638,0.180451127819549,0.0177619893428064,0.296,0.0218687872763419
6909,4,0,3,0,510,22,0.0102564102564102,0.307692307692308,0.0128205128205128,0.2,0,NaN,0,NaN
6845,4,0,2,0,58,261,0,NaN,0,NaN,0,0.00884955752212389,0,NaN
6783,4,0,3,0,2003,377,0.0691699604743083,0.0294388224471021,0.0355555555555556,0.0681818181818182,0.125,0.0285714285714286,0,0.666666666666667
6864,4,0,0,0,0,0,NaN,NaN,NaN,NaN,NaN,NaN,NaN,NaN
6799,4,0,1,0,5448,950,0.016504329004329,0.115384615384615,0.00363967242948138,0.145833333333333,0.0956284153005464,0.0756302521008403,0.0289855072463768,0.0833333333333333
6785,4,0,0,0,0,0,NaN,NaN,NaN,NaN,NaN,NaN,NaN,NaN
6901,4,0,3,0,647,7331,0.032258064516129,0.404761904761905,0,NaN,0.272349272349272,0.0286172161172161,0.300925925925926,0.0314159292035398
6784,4,0,1,0,3708,375,0.0115273775216138,0.192771084337349,0.00871080139372826,0.0645161290322581,0.0471204188481675,0.119402985074627,0.041095890410959,0.16
5905,4,0,3,0,0,8392,NaN,NaN,NaN,NaN,0.10655737704918,0.0212701764972092,0.0485436893203883,0.0292207792207792
6886,4,0,2,0,4755,1523,0.0131180625630676,0.455357142857143,0.0138888888888888,0.290322580645161,0.0154738878143134,0.140495867768595,0.0294117647058824,0.116666666666667
6041,4,0,3,0,2539,179,0.0252986647926915,0.0743099787685775,0.0275229357798165,0.088,0.0413793103448276,0.555555555555556,0,0.5
6600,4,0,3,0,7,2346,0,NaN,0,NaN,0.0631424375917768,0.0324574961360124,0.184615384615385,0.04149377593361
5919,4,0,0,0,0,0,NaN,NaN,NaN,NaN,NaN,NaN,NaN,NaN
6844,4,0,0,0,0,0,NaN,NaN,NaN,NaN,NaN,NaN,NaN,NaN
5913,4,0,0,0,0,0,NaN,NaN,NaN,NaN,NaN,NaN,NaN,NaN
5904,4,0,2,0,3473,2306,0.0274032187907786,0.115671641791045,0.0298507462686567,0.139784946236559,0.0677595628415301,0.0529857022708158,0.0285714285714286,0.0181818181818182
6564,4,0,2,0,2063,1105,0.00497203231821008,0.222222222222222,0.00308641975308643,0,0.00458190148911797,0.666666666666667,0,NaN
6906,4,0,2,0,0,0,NaN,NaN,NaN,NaN,NaN,NaN,NaN,NaN
5979,4,0,2,0,0,0,NaN,NaN,NaN,NaN,NaN,NaN,NaN,NaN
6931,4,0,3,0,689,6691,0.0155210643015521,0.115384615384615,0.00671140939597314,0.2,0.244131455399061,0.0187843345738083,0.160919540229885,0.023121387283237
5886,4,0,2,0,1435,5260,0.0271535580524345,0.329411764705882,0.0129310344827587,0.4,0.124363636363636,0.0553897180762852,0.08203125,0.0436974789915966
6874,4,0,3,0,1443,1385,0.0414703110273327,0.293333333333333,0.0133333333333333,0.0740740740740741,0.111111111111111,0.0210045662100457,0.0625,0.0571428571428571
5910,4,0,2,0,5295,505,0.0303336703741153,0.0739466895958727,0.0520710059171597,0.211009174311927,0.0451388888888888,0.272727272727273,0.0130718954248366,0.428571428571429
5918,4,0,2,0,3168,520,0.00950118764845609,0.099009900990099,0.0231404958677686,0.0679611650485437,0.0265060240963856,1,0,1
5915,4,0,3,0,557,7232,0.0416666666666666,0.0502092050209205,0.0666666666666667,0,0.131958762886598,0.00941589530801149,0.172839506172839,0.0489690721649485
5887,4,0,2,0,4454,969,0.0202414772727273,0.0682989690721649,0.0126939351198871,0.15,0.0153061224489796,0.0803571428571429,0.00900900900900903,0.5
6798,4,0,3,0,2887,271,0.0200702458605118,0.175879396984925,0.012987012987013,0.133333333333333,0.00904977375565608,0.285714285714286,0,NaN
6918,4,0,2,0,2778,414,0.0327421555252387,0.0661040787623066,0.0152439024390244,0.0412371134020619,0.0290909090909091,0.205128205128205,0,NaN
6769,4,0,3,0,2398,3634,0.00718629076838029,0.541666666666667,0.00198807157057657,1,0.0081850533807829,0.152317880794702,0.00722021660649819,0.19047619047619
6595,4,0,3,0,102,8,0.0169491525423728,1,0,NaN,0,NaN,0,NaN
6788,4,0,2,0,996,5165,0.0262390670553936,0.36,0,NaN,0.0729018492176386,0.0935915168280314,0.0130718954248366,0.307692307692308
5908,4,0,3,0,0,0,NaN,NaN,NaN,NaN,NaN,NaN,NaN,NaN
6865,4,0,1,0,1506,65,0.00818553888130968,0.0373134328358209,0.0358744394618834,0.0323624595469256,0,NaN,0,NaN
6835,4,0,1,0,2580,1171,0.0178173719376392,0.155251141552511,0.0116822429906542,0.0833333333333333,0.00602409638554213,0.857142857142857,0.019455252918288,0.5
4431,1,1,0,1,5658,497,0.116784037558685,0.0765643218033424,0.102484472049689,0.0930555555555556,0.0144578313253012,0.666666666666667,0,NaN
4857,1,0,2,1,2283,158,0.00813008130081305,0.11214953271028,0.0141287284144427,0.142857142857143,0,NaN,0.027027027027027,1
4799,1,0,3,1,2104,227,0.0132275132275133,0.11965811965812,0.0169491525423728,0.256410256410256,0,0.5,0.00990099009900991,1
4822,1,0,1,1,2189,457,0.00590405904059044,0.615384615384615,0.0106241699867198,0.777777777777778,0.0427631578947368,0.225352112676056,0.0454545454545454,0
4729,1,0,1,1,1480,6,0.00535331905781589,0.4,0.00977995110024454,0.25,0,NaN,NaN,NaN
4850,1,0,3,1,1008,46,0.0032102728731942,0.0769230769230769,0.00636942675159236,0.142857142857143,0,NaN,0,NaN
4106,1,0,2,1,1421,41,0.02275600505689,0.232876712328767,0.0133928571428571,0.318181818181818,0,NaN,0,NaN
4196,1,0,0,1,544,4585,0.00336700336700335,1,0,NaN,0.056497175141243,0.0598540145985401,0,0.625
4828,1,0,2,1,2636,609,0.0090673575129534,0.393939393939394,0.00768386388583975,0.380952380952381,0.00557103064066855,0.75,0.0091324200913242,0.333333333333333
4860,1,0,3,1,0,0,NaN,NaN,NaN,NaN,NaN,NaN,NaN,NaN
4235,1,0,1,1,3052,282,0.0207631874298541,0.150485436893204,0.0143027413587604,0.122137404580153,0.0245398773006135,0.75,0,NaN
4559,1,0,1,1,1223,2253,0.00517464424320824,0.666666666666667,0,NaN,0.00419067574646415,0.333333333333333,0.00381679389312972,1
4129,1,0,2,1,1953,1111,0.0061511423550088,0.106666666666667,0.00838926174496646,0.0701754385964912,0.0202622169249106,0.320754716981132,0.00574712643678166,1
4101,1,0,1,1,4793,387,0.013648771610555,0.180124223602484,0.010677808727948,0.17910447761194,0,NaN,0,NaN
4087,1,0,2,1,784,0,0.00287356321839083,0,0.00813008130081305,0.8,NaN,NaN,NaN,NaN
4427,1,0,0,1,2148,746,0.00234558248631744,0.75,0.00632911392405067,1,0,NaN,0,NaN
4948,1,0,1,1,4909,27,0.00680889695869269,0.35,0.00572831423895259,0.277777777777778,0,NaN,0,NaN
4225,1,0,0,1,2277,340,0.0100250626566416,0.0784313725490196,0,0.00581395348837209,0.00666666666666671,0.666666666666667,0.0118343195266272,0.5
4888,1,0,2,1,4239,103,0.00833635375135922,0.204081632653061,0.00859845227858991,0.21875,0,NaN,0,NaN
4784,1,0,1,1,0,0,NaN,NaN,NaN,NaN,NaN,NaN,NaN,NaN
4096,1,0,0,1,0,6981,NaN,NaN,NaN,NaN,0.857142857142857,0.000829462508294625,0.8,0.00545851528384279
4166,1,0,3,1,3140,191,0.0213483146067416,0.583333333333333,0.00966608084358522,0.923076923076923,0,NaN,0,NaN
4544,1,0,0,1,0,0,NaN,NaN,NaN,NaN,NaN,NaN,NaN,NaN
4697,1,0,1,1,1001,115,0.00955414012738853,0.205882352941176,0.00977198697068404,0.25,0.0384615384615384,1,0,NaN
4462,1,0,3,1,90,46,0.0508474576271186,0.5,0,NaN,0,NaN,0,NaN
4728,1,0,0,1,4355,3,0.0134228187919463,0.425,0.0031806615776081,0.3,0,NaN,NaN,NaN
4204,1,0,2,1,1997,544,0.00510725229826359,0.416666666666667,0.00935672514619879,0.347826086956522,0.00270270270270268,0.5,0,NaN
4332,1,0,2,1,4091,1547,0.0231035810550635,0.282608695652174,0.031578947368421,0.432835820895522,0.015993265993266,0.180952380952381,0.0137614678899083,0.333333333333333
4851,1,0,1,1,1297,3569,0.00736196319018401,0.538461538461538,0.0317073170731708,0.272727272727273,0.0581484315225708,0.0514246004169562,0.0511811023622047,0.0268199233716475
4139,1,0,2,1,4,3458,NaN,NaN,0,NaN,0.0398671096345515,0.0135135135135135,0.155339805825243,0.0334773218142549
4387,1,0,2,1,1419,1371,0.0109090909090909,0.380952380952381,0.0229166666666667,0.206896551724138,0.0368705035971223,0.419354838709677,0.0287769784172662,0.833333333333333
4449,1,0,2,1,1967,2165,0.0144346431435445,0.409090909090909,0.00668896321070234,0.25,0.0169683257918553,0.525423728813559,0.011070110701107,0.3
4656,1,0,0,1,2765,803,0.0075140889167189,0.2,0.00698486612339932,0.0357142857142857,0.00556586270871984,0.25,0,NaN
4392,1,0,0,1,0,0,NaN,NaN,NaN,NaN,NaN,NaN,NaN,NaN
4463,1,0,1,1,0,0,NaN,NaN,NaN,NaN,NaN,NaN,NaN,NaN
4484,1,0,0,1,0,0,NaN,NaN,NaN,NaN,NaN,NaN,NaN,NaN
4169,1,0,0,1,0,0,NaN,NaN,NaN,NaN,NaN,NaN,NaN,NaN
4766,1,0,0,1,0,0,NaN,NaN,NaN,NaN,NaN,NaN,NaN,NaN
4661,1,0,1,1,1366,374,0.0264797507788161,0.108695652173913,0.0200892857142857,0.117647058823529,0.0186915887850467,0.75,0,1
4732,1,0,0,1,926,4490,0,NaN,0,NaN,0.000261574679570997,1,0,NaN
4525,1,0,3,1,2353,1236,0.0101880877742947,0.393939393939394,0.005586592178771,0.352941176470588,0.0416666666666666,0.25,0.017921146953405,0.857142857142857
4666,1,0,0,1,0,1,NaN,NaN,NaN,NaN,NaN,NaN,NaN,NaN
4691,1,0,2,1,1564,802,0.00840336134453779,0.145161290322581,0.0162162162162162,0.5,0.133333333333333,0.0659090909090909,0.0188679245283019,0.222222222222222
4624,1,0,1,1,5444,40,0.00778322283078692,0.526315789473684,0.00627495721620075,0.421052631578947,0,NaN,0,NaN
4555,1,0,3,1,3374,74,0.0228310502283106,0.0521739130434783,0.0246636771300448,0.0419426048565121,0,NaN,0,NaN
4700,1,0,3,1,2170,72,0.0121827411167512,0.0725388601036269,0.0201342281879194,0.104838709677419,0,NaN,0,NaN
4694,1,0,2,1,4711,235,0.0134447674418605,0.182291666666667,0.0157068062827225,0.181818181818182,0,NaN,0,NaN
4788,1,0,1,1,1200,3078,0.00856164383561642,0.108695652173913,0.0118577075098815,0.222222222222222,0.0699417152373022,0.0496067755595886,0.0246913580246914,0.189189189189189
4581,1,0,3,1,1851,1302,0.0152877697841727,0.516129032258065,0.00458715596330272,0.571428571428571,0.00508130081300817,0.461538461538462,0.0185873605947955,0.8
4762,1,0,1,1,2094,1770,0.00649350649350644,0.380952380952381,0.00650759219088937,0.6,0.00568990042674256,0.636363636363636,0.0142857142857142,0.714285714285714
4696,1,0,1,1,1240,2797,0.00437317784256563,1,0.00392927308447932,1,0.0887218045112782,0.032076533483399,0.0424242424242425,0.0496894409937888
4459,1,0,0,1,0,0,NaN,NaN,NaN,NaN,NaN,NaN,NaN,NaN
4590,1,0,0,1,0,0,NaN,NaN,NaN,NaN,NaN,NaN,NaN,NaN
4628,1,0,0,1,0,0,NaN,NaN,NaN,NaN,NaN,NaN,NaN,NaN
4591,1,0,0,1,1205,2887,0.00915032679738559,0.35,0.0055401662049861,0.4,0.0683760683760684,0.0303687635574837,0.0842105263157895,0.148148148148148
4818,1,0,3,1,2277,932,0.0322927879440258,0.050656660412758,0.0246913580246914,0.0965909090909091,0.021311475409836,0.142857142857143,0.0142857142857142,1
4548,1,0,2,1,1856,663,0.0240174672489083,0.492307692307692,0.00257069408740362,0.75,0.0868686868686869,0.513157894736842,0.0416666666666666,0.555555555555556
4824,1,0,1,1,1391,2014,0.0155239327296248,0.171052631578947,0.0623052959501558,0.175,0.0200698080279232,0.0442307692307692,0,0.0392156862745098
4794,1,0,2,1,3318,1019,0.00208594075928248,0.75,0.00122850122850127,NaN,0.0123287671232877,0.150943396226415,0.0100502512562815,0.333333333333333
4825,1,0,1,1,2341,1315,0.00979020979020984,0.307692307692308,0.00522875816993462,0.444444444444444,0.00497017892644136,0.2,0.00854700854700852,0.333333333333333
4823,1,0,1,1,2370,124,0.0169712793733682,0.333333333333333,0.00943396226415094,0.666666666666667,0,0,0,NaN
4789,1,0,3,1,0,0,NaN,NaN,NaN,NaN,NaN,NaN,NaN,NaN
4458,1,0,2,1,3136,402,0.00378967314069156,0.0694444444444444,0.00131926121372028,0.0655737704918033,0.00858369098712441,0.25,0,0.5
4657,1,0,3,1,1470,345,0.00235017626321976,0.142857142857143,0,0.25,0,NaN,0,NaN
4584,1,0,0,1,0,0,NaN,NaN,NaN,NaN,NaN,NaN,NaN,NaN
4545,1,0,2,1,1465,2450,0.0241657077100115,0.109677419354839,0.0252808988764045,0.292682926829268,0.030248033877798,0.316546762589928,0.025089605734767,0.463414634146341
4453,1,0,3,1,3126,1259,0.0148856990962254,0.171597633136095,0.0106951871657754,0.36,0.045822102425876,0.0216666666666667,0.0092592592592593,0.12
4639,1,0,3,1,1380,1488,0.0213333333333333,0.0869565217391304,0.0106951871657754,0.259259259259259,0.153846153846154,0.0256410256410256,0.155555555555556,0.0796812749003984
4359,1,0,2,1,2631,896,0.0136286201022147,0.403508771929825,0.0114122681883024,0.3,0.051948051948052,0.0806451612903226,0.0412371134020618,0.159090909090909
4483,1,0,1,1,2038,465,0.0223413762287757,0.227642276422764,0.026438569206843,0.227272727272727,0.0404411764705882,0.106382978723404,0,0
4520,1,0,2,1,317,147,0.0135135135135135,0.107142857142857,0,NaN,0,NaN,0,NaN
4083,1,0,2,1,2646,915,0.00288600288600294,0.333333333333333,0.00746965452847803,0.875,0.0117647058823529,0.5,0,NaN
4629,1,0,1,1,53,35,0,NaN,0,NaN,0,NaN,0,NaN
4518,1,0,3,1,2746,289,0.014937106918239,0.0673076923076923,0.0153340635268346,0.0802469135802469,0,NaN,0.00869565217391299,1
4491,1,0,0,1,2444,2631,0.0130434782608696,0.139072847682119,0.00498338870431891,0.1875,0.103174603174603,0.02711157455683,0.0806451612903226,0.03125
4757,1,0,2,1,4473,409,0.0138588133391079,0.0725806451612903,0.0111420612813371,0.0833333333333333,0.00502512562814073,0.0909090909090909,0.00555555555555554,1
4576,1,0,0,1,2690,2508,0.00753768844221103,0.110169491525424,0.00609013398294767,0.0412371134020619,0.0579710144927537,0.0610104861773117,0.0192926045016077,0.384615384615385
4493,1,0,3,1,2255,222,0.012241054613936,0.0952380952380952,0.00827423167848695,0.152542372881356,0,NaN,0,NaN
4726,1,0,0,1,3655,731,0.00669344042838016,0.625,0.00846153846153841,0.6875,0.032871972318339,0.428571428571429,0,1
4635,1,0,1,1,0,6027,NaN,NaN,NaN,NaN,0.532374100719424,0.0125786163522013,0.411764705882353,0.0620689655172414
4489,1,0,3,1,2207,405,0.0136239782016349,0.678571428571429,0.00821018062397372,0.583333333333333,0.0141843971631206,0.571428571428571,0.0106382978723404,1
4168,1,0,1,1,4202,60,0.00680272108843538,0.10762331838565,0.0118074477747502,0.115384615384615,0.0434782608695652,0.125,0.0434782608695652,1
4577,1,0,3,1,8,175,0,NaN,NaN,NaN,0,NaN,0,NaN
4583,1,0,2,1,3066,788,0.0821992378878607,0.365155131264916,0.0296296296296297,0.358490566037736,0.041095890410959,0.111111111111111,0.00555555555555554,1
4515,1,0,1,1,1954,425,0.0126926563916591,0.518518518518518,0.00883652430044179,0.5,0.0106007067137809,0.666666666666667,0,0.333333333333333
4492,1,0,3,1,1329,2382,0.0147058823529411,0.216216216216216,0.0123893805309735,0.159090909090909,0.0335648148148148,0.0316122233930453,0.062962962962963,0.0604982206405694
4667,1,0,2,1,202,4774,0.0310077519379846,0.4,0,NaN,0.101899827288428,0.0346803377563329,0.0601092896174863,0.117117117117117
4722,1,0,2,1,749,5158,0.00618556701030926,0.166666666666667,0.00483091787439616,0.111111111111111,0.060622914349277,0.0360013981125481,0.0334346504559271,0.112903225806452
4514,1,0,1,1,567,4964,0.0241286863270778,0.2,0,1,0.101519337016575,0.0516927557335275,0.122033898305085,0.0853932584269663
4785,1,0,3,1,3769,1815,0.00344976282880549,0.21875,0.0078125,0.705882352941177,0.0120652945351313,0.395348837209302,0.0029673590504451,0.25
4558,1,0,3,1,818,3799,0.00965250965250963,0.571428571428571,0.00386100386100385,0.5,0.00775674837108287,0.676470588235294,0.0044642857142857,0.571428571428571
4329,1,0,3,1,5179,110,0.0144027110985597,0.490566037735849,0.0121863799283154,0.441176470588235,0,NaN,0,NaN
4671,1,0,1,1,2911,290,0.0025746652935118,0.5,0.00260416666666663,0.142857142857143,0,NaN,0,NaN
4695,1,0,0,1,3418,141,0.00611620795107037,0.5,0.00411946446961897,0.294117647058824,0,NaN,0,NaN
4670,1,0,3,1,1136,2662,0.00772797527047908,0.4375,0.00717703349282295,0.2,0.0653333333333334,0.0311377245508982,0.0132450331125827,0
4756,1,0,3,1,1609,374,0.0253164556962026,0.0411764705882353,0.0280777537796977,0.0428015564202335,0,NaN,0,NaN
4753,1,0,2,1,1415,5177,0.00401606425702816,0.230769230769231,0,NaN,0.0401829467494282,0.0755667506297229,0.00808080808080813,0.666666666666667
4727,1,0,3,1,2517,2016,0.0111028867505552,0.112903225806452,0.0111940298507462,0.0652173913043478,0.072258064516129,0.0609357997823721,0.0164609053497943,0.075
4133,1,0,3,1,8,6087,0,NaN,0,NaN,0.104075691411936,0.0323255813953488,0.113636363636364,0.0701107011070111
4763,1,0,2,1,4270,778,0.00305227012590614,0.5625,0.00335795836131636,0.266666666666667,0.0179153094462541,0.44,0.00862068965517238,1
4819,1,0,2,1,1209,3144,0.00371287128712872,0.5,0.00284090909090906,1,0.0182755388940956,0.0685154975530179,0.0196850393700787,0.032967032967033
4690,1,0,3,1,0,0,NaN,NaN,NaN,NaN,NaN,NaN,NaN,NaN
4625,1,0,3,1,1524,509,0.0164319248826291,0.5,0.0152380952380953,0.6,0.0122950819672131,0.0714285714285714,0.00480769230769229,1
4452,1,0,0,1,0,0,NaN,NaN,NaN,NaN,NaN,NaN,NaN,NaN
4701,1,0,1,1,1911,1052,0.00771604938271608,0.5,0.00594059405940595,0.8,0.114882506527415,0.0704697986577181,0.131578947368421,0.35
4856,1,0,2,1,3270,851,0.0106640814348037,0.444444444444444,0.0101626016260162,0.242424242424242,0.0711610486891385,0.174528301886792,0,1
4111,1,0,2,1,2616,1401,0.00696459663377824,0.366666666666667,0.00290697674418605,0.5,0.0132325141776938,0.259259259259259,0.004,0
4396,1,0,0,1,0,0,NaN,NaN,NaN,NaN,NaN,NaN,NaN,NaN
4327,1,0,1,1,477,299,0.0114503816793893,0.176470588235294,0.00595238095238093,0.5,0,NaN,0.00854700854700852,0.5
4173,1,0,1,1,149,5449,0,NaN,0,NaN,0.0142400464981111,0.0311052283256122,0.0145631067961165,0.2
4430,1,0,2,1,0,0,NaN,NaN,NaN,NaN,NaN,NaN,NaN,NaN
6437,2,1,0,1,5445,106,0.0743494423791822,0.0934752429430819,0.0333333333333333,0.102362204724409,0,NaN,0,NaN
6414,2,0,3,1,3015,33,0.00691881918819193,0.62962962962963,0.011204481792717,0.260869565217391,0,NaN,0,NaN
6435,2,0,3,1,2467,258,0.0124300807955252,0.154471544715447,0.0108695652173914,0.177777777777778,0.099009900990099,0.134328358208955,0.153846153846154,0.179487179487179
6411,2,0,0,1,4139,2409,0.0273124544792426,0.208092485549133,0.0223463687150838,0.298701298701299,0.0289256198347108,0.0496644295302013,0.0246478873239436,0.0659340659340659
6442,2,0,3,1,3399,700,0.00809199318568998,0.307692307692308,0.00578703703703709,0.285714285714286,0.0353535353535354,0.0746268656716418,0.015625,0.25
6433,2,0,3,1,3288,592,0.0107655502392344,0.349397590361446,0.00620155038759695,0.5,0.0126315789473684,0.333333333333333,0.0222222222222223,1
6111,2,0,3,1,3291,440,0.00273597811217507,0.294117647058824,0,0.0909090909090909,0.00609756097560976,0.285714285714286,0,NaN
6472,2,0,3,1,1611,966,0.00665399239543729,0.818181818181818,0.0124740124740125,0.285714285714286,0.0159509202453988,0.722222222222222,0,0.111111111111111
6477,2,0,2,1,712,2178,0.0057803468208093,0.285714285714286,0,0.333333333333333,0.00104712041884814,0.666666666666667,0,NaN
6473,2,0,1,1,1922,2872,0.00982456140350874,0.28,0.00506329113924053,0.333333333333333,0.0637362637362637,0.0293785310734463,0.015748031496063,0.2
5415,2,0,3,1,3647,72,0.0137038446897602,0.514705882352941,0.00937866354044548,0.75,0,NaN,0,NaN
6359,2,0,1,1,2290,2647,0.00634005763688761,0.642857142857143,0.00437636761487969,0.75,0.0450236966824644,0.0292490118577075,0.0827067669172933,0.0319148936170213
5284,2,0,2,1,3433,345,0.00437898089171973,0.292682926829268,0.00813008130081305,0.4,0.0113636363636364,0.6,0.02,0.5
5473,2,0,2,1,1452,3318,0.015358361774744,0.435897435897436,0.0116279069767442,0.111111111111111,0.0445726271630834,0.0830769230769231,0.0162337662337663,0.3
5615,2,0,2,1,1962,4522,0.00696864111498263,0.0967741935483871,0.00536193029490617,0,0.0253353204172876,0.0211466165413534,0.0086580086580087,0.10958904109589
5604,2,0,3,1,1685,3903,0.00155279503105588,0.285714285714286,0.0025974025974026,1,0.00143523501973453,0.00546448087431694,0.0210526315789473,0.0540540540540541
6337,2,0,0,1,0,0,NaN,NaN,NaN,NaN,NaN,NaN,NaN,NaN
5454,2,0,1,1,1526,3525,0.0399429386590585,0.0623441396508728,0.016,0.0505050505050505,0.0287267080745341,0.0223390275952694,0.0689655172413793,0.0278372591006424
5423,2,0,2,1,4194,933,0.0122866894197953,0.201342281879195,0.00404448938321533,0.186046511627907,0.0124223602484472,0.391304347826087,0,1
6378,2,0,2,1,3128,23,0.0185185185185185,0.193370165745856,0.0114068441064639,0.207547169811321,0,NaN,0,NaN
5472,2,0,3,1,1185,3680,0.0188261351052049,0.26865671641791,0.00540540540540535,0,0.0603532875368008,0.0853146853146853,0.0178571428571429,0.294117647058824
6470,2,0,1,1,1898,2931,0.0122566690699352,0.823529411764706,0.00225225225225223,1,0.045841519318926,0.0599820948970457,0.0326086956521739,0.210526315789474
5416,2,0,2,1,5405,763,0.0144965735371639,0.224719101123595,0.019349164467898,0.233766233766234,0.0508474576271186,0.133004926108374,0.0526315789473685,1
5600,2,0,2,1,2582,753,0.00477200424178159,0.5,0.00841750841750843,0.5,0.00162337662337664,0.222222222222222,0.0229885057471264,0.0909090909090909
5460,2,0,1,1,2516,3209,0.0133136094674556,0.472727272727273,0.00735294117647056,1,0.0551889622075585,0.0657708628005658,0.0101010101010101,0.166666666666667
5410,2,0,3,1,1890,1580,0.00539447066756571,0.727272727272727,0.00292397660818711,0.333333333333333,0.0171821305841925,0.0855855855855856,0.043859649122807,0.161290322580645
5350,2,0,1,1,4399,84,0.0196568977841315,0.225409836065574,0.0258780036968577,0.15606936416185,0,NaN,0,NaN
6219,2,0,3,1,4077,464,0.0201227830832197,0.35031847133758,0.0100334448160535,0.5,0.0248447204968945,0.133333333333333,0.0149253731343284,1
5414,2,0,2,1,197,275,0,NaN,0,NaN,0.0943396226415094,0.0248756218905473,0,0
6179,2,0,3,1,1701,128,0.000869565217391344,0.1,0.00215517241379315,0.111111111111111,0,NaN,0,NaN
6323,2,0,1,1,4337,608,0.0107081174438688,0.30188679245283,0.0110450297366185,0.419354838709677,0.0174927113702624,0.0268456375838926,0,0.5
5444,2,0,0,1,0,0,NaN,NaN,NaN,NaN,NaN,NaN,NaN,NaN
5659,2,0,3,1,3206,1051,0.00806776926179908,0.450980392156863,0.00324675324675328,1,0.0313479623824452,0.0693069306930693,0.0135135135135135,0.25
5356,2,0,2,1,3251,11,0.00883310088331013,0.0664335664335664,0,0.142857142857143,0,NaN,NaN,NaN
5321,2,0,3,1,2495,76,0.00765606595995294,0.196969696969697,0.00323101777059775,0.214285714285714,0,NaN,0,NaN
5482,2,0,2,1,3806,1512,0.0181200453001132,0.247191011235955,0.016489988221437,0.326923076923077,0.0117395944503735,0.023696682464455,0,0.5
6360,2,0,0,1,0,0,NaN,NaN,NaN,NaN,NaN,NaN,NaN,NaN
5662,2,0,2,1,1077,3230,0.0247074122236671,0.240506329113924,0.0451127819548872,0.106382978723404,0.0791628753412192,0.0552795031055901,0.105590062111801,0.046875
6278,2,0,1,1,3353,1620,0.0251572327044025,0.373563218390805,0.0166051660516605,0.333333333333333,0.0479338842975207,0.202090592334495,0.028169014084507,0.666666666666667
5346,2,0,3,1,1220,47,0.00904522613065328,0.384615384615385,0.0125,0.333333333333333,0,NaN,0,NaN
5583,2,0,2,1,1703,3475,0.008123476848091,0.314285714285714,0.00763358778625955,0.333333333333333,0.0433996383363472,0.021865889212828,0.0194174757281553,0.1
6279,2,0,0,1,0,0,NaN,NaN,NaN,NaN,NaN,NaN,NaN,NaN
5483,2,0,2,1,2927,149,0.0101658640984483,0.112359550561798,0.00441176470588234,0.0714285714285714,0,0,0,NaN
6223,2,0,1,1,1488,161,0.00643974241030354,0.5,0.00291545189504372,1,0,NaN,0,NaN
6405,2,0,1,1,1604,2589,0.00693240901213177,0.272727272727273,0.0229226361031518,0.307692307692308,0.0982658959537572,0.0379818594104308,0.0555555555555556,0.0857142857142857
5450,2,0,2,1,1161,231,0,NaN,0,NaN,0,NaN,0,NaN
5421,2,0,1,1,5149,107,0.00686378035902846,0.182608695652174,0.00370370370370365,0.5,0.0169491525423728,0.5,0,NaN
5441,2,0,1,1,4363,32,0.0197600564573042,0.125290023201856,0.0249307479224377,0.0912863070539419,0,NaN,0,NaN
6382,2,0,3,1,2674,231,0.0139175257731958,0.278350515463918,0.00939849624060152,0.4,0.00595238095238093,0.25,0,NaN
6280,2,0,1,1,3067,366,0.00372786579683126,0.166666666666667,0.00525624178712225,0.555555555555556,0.0509554140127388,0.0301204819277108,0.0454545454545454,0.2
5648,2,0,3,1,3439,2508,0.00626223091976519,0.789473684210526,0.00131578947368416,0.666666666666667,0.0371556694426649,0.0790884718498659,0.0184049079754601,0.6
5417,2,0,2,1,2408,753,0.00701978302488837,0.0484581497797357,0.00617283950617287,0.0227272727272727,0.129411764705882,0.0362068965517241,0,NaN
6218,2,0,1,1,2755,2987,0.0500588928150766,0.163498098859316,0.0316301703163017,0.2,0.068503937007874,0.0584192439862543,0.0794701986754967,0.126436781609195
5477,2,0,1,1,3116,1891,0.00741083835108847,0.0684931506849315,0.00490196078431371,0.0769230769230769,0.0626223091976517,0.0252100840336134,0,0
5611,2,0,2,1,3224,2560,0.00838926174496646,0.103448275862069,0.00576923076923075,0.116279069767442,0.0346020761245674,0.0324189526184539,0.0214285714285715,0.16
6132,2,0,2,1,2137,52,0.00658376005852235,0.0978260869565217,0.00355239786856132,0.181818181818182,0,NaN,0,NaN
5351,2,0,2,1,3471,308,0.0193122939236929,0.109467455621302,0.0115740740740741,0.325,0,NaN,0,NaN
5318,2,0,1,1,1222,1977,0.00935672514619879,0.461538461538462,0.0074626865671642,0.2,0.0326996197718631,0.075993091537133,0.0185185185185185,0.2
5383,2,0,2,1,2974,587,0.0225937641211026,0.4,0.0117878192534381,0.666666666666667,0.00391389432485323,0.6,0.02,NaN
5285,2,0,1,1,1674,2807,0.00663349917081257,0.307692307692308,0.00810810810810814,0.375,0.0827858081471747,0.0325476992143659,0.0402298850574713,0.207547169811321
5408,2,0,1,1,0,0,NaN,NaN,NaN,NaN,NaN,NaN,NaN,NaN
5445,2,0,3,1,1947,269,0.00742942050520057,0.321428571428571,0.00426439232409381,0.214285714285714,0,NaN,0,NaN
5579,2,0,0,1,0,0,NaN,NaN,NaN,NaN,NaN,NaN,NaN,NaN
5353,2,0,1,1,1315,66,0.00827423167848695,1,0.00717703349282295,0.714285714285714,0,NaN,0,NaN
5476,2,0,3,1,4919,303,0.0209324452901998,0.138952164009112,0.0104166666666666,0.1,0.0188679245283019,0.0384615384615385,0.0454545454545454,0.333333333333333
5573,2,0,2,1,2342,1086,0.00850822461712986,0.317073170731707,0.00447427293064873,0.5,0.131782945736434,0.0389937106918239,0.0714285714285714,0.3
5601,2,0,1,1,2863,152,0.00691244239631339,0.291666666666667,0.00579150579150578,0.130434782608696,0,1,0,NaN
5653,2,0,3,1,1976,15,0.00837520938023451,0.0394088669950739,0.0137931034482759,0.205882352941176,0,NaN,0,NaN
5281,2,0,1,1,1292,2223,0.00102145045965274,1,0.00338983050847452,0.5,0.0753588516746412,0.0499583680266445,0.0833333333333334,0.126760563380282
6143,2,0,2,1,914,2340,0.00270635994587276,0.333333333333333,0,NaN,0.00977198697068404,0.028169014084507,0.00869565217391299,0.2
5253,2,0,1,1,3485,651,0.011049723756906,0.4,0.00733496332518335,0.75,0.0220883534136547,0.545454545454545,0.0338983050847458,0.75
5382,2,0,1,1,3927,188,0.0137830975698223,0.151515151515152,0.0166028097062579,0.2,0,0.333333333333333,0,NaN
5352,2,0,1,1,2528,1785,0.00617283950617287,0.0633802816901408,0,0.0714285714285714,0.0481695568400771,0.0200348432055749,0.0370370370370371,0.147058823529412
6146,2,0,2,1,1856,360,0.00776531492666088,0.0930232558139535,0,NaN,0.00480769230769229,0.025974025974026,0,NaN
6182,2,0,3,1,996,252,0.00451807228915657,0.272727272727273,0,NaN,0,NaN,0,NaN
5283,2,0,0,1,0,0,NaN,NaN,NaN,NaN,NaN,NaN,NaN,NaN
6415,2,0,3,1,3841,139,0.0180616740088105,0.0653357531760436,0.00753768844221103,0.092436974789916,0,NaN,0,NaN
6324,2,0,3,1,90,0,0,0,0,0,NaN,NaN,NaN,NaN
6249,2,0,2,1,2936,1359,0.0071343638525565,0.033003300330033,0.00458015267175571,0.0292887029288703,0.0284301606922126,0.0782312925170068,0.0217391304347826,0.0285714285714286
5327,2,0,1,1,2405,67,0.011742892459827,0.219512195121951,0.00972762645914393,0.0674157303370786,0,NaN,0,NaN
5294,2,0,1,1,4442,32,0.0141006097560976,0.0502215657311669,0.00957592339261282,0.05078125,0,NaN,0,NaN
6379,2,0,1,1,2812,106,0.00385250412768301,0.257142857142857,0.00573065902578795,0.294117647058824,0,NaN,0,NaN
5658,2,0,3,1,90,4801,0.0256410256410257,1,0.0526315789473685,0.2,0.0440278988666085,0.0429314830875976,0,0.2
6188,2,0,2,1,1167,36,0.0024691358024691,0.166666666666667,0.0089285714285714,0.333333333333333,0,NaN,0,NaN
6110,2,0,0,1,0,675,NaN,NaN,NaN,NaN,NaN,0,NaN,0
6147,2,0,0,1,0,6626,NaN,NaN,NaN,NaN,1,0.000153374233128834,NaN,0
6383,2,0,0,1,0,0,NaN,NaN,NaN,NaN,NaN,NaN,NaN,NaN
6240,2,0,3,1,2930,36,0.015984015984016,0.23448275862069,0.0155763239875389,0.181818181818182,0,NaN,0,NaN
6313,2,0,3,1,984,102,0,NaN,0,NaN,0,NaN,0,NaN
5384,2,0,3,1,1426,180,0.00396432111000988,0.8,0,NaN,0,NaN,0,NaN
6294,2,0,2,1,1663,165,0.00938566552901021,1,0.0180412371134021,0.8,0,NaN,0,NaN
6184,2,0,2,1,0,0,NaN,NaN,NaN,NaN,NaN,NaN,NaN,NaN
5290,3,1,0,1,5413,84,0.0846724351050679,0.27156862745098,0.121983914209115,0.227027027027027,0.0476190476190477,0.375,0.12,0.285714285714286
6254,3,0,0,1,0,0,NaN,NaN,NaN,NaN,NaN,NaN,NaN,NaN
6185,3,0,0,1,0,0,NaN,NaN,NaN,NaN,NaN,NaN,NaN,NaN
6101,3,0,0,1,0,0,NaN,NaN,NaN,NaN,NaN,NaN,NaN,NaN
6222,3,0,0,1,0,6609,NaN,NaN,NaN,NaN,0.125,0.000156323276535876,NaN,0
6695,3,0,2,1,1754,46,0.019501625135428,0.0588235294117647,0.0127226463104325,0.0980392156862745,0,NaN,0,NaN
6713,3,0,3,1,3842,910,0.0198019801980198,0.279411764705882,0.0193621867881549,0.27906976744186,0.0228494623655914,0.258064516129032,0,1
6703,3,0,3,1,215,295,0.00632911392405067,1,0.0204081632653061,1,0,NaN,0,NaN
6502,3,0,0,1,518,0,0.00307692307692309,0.2,0,NaN,NaN,NaN,NaN,NaN
6696,3,0,0,1,0,0,NaN,NaN,NaN,NaN,NaN,NaN,NaN,NaN
6499,3,0,2,1,2453,659,0.00228832951945079,0.363636363636364,0.00185528756957332,0.125,0.00559701492537312,0.181818181818182,0,NaN
6717,3,0,0,1,0,0,NaN,NaN,NaN,NaN,NaN,NaN,NaN,NaN
6212,3,0,0,1,1196,3069,0,NaN,0,NaN,0.0471900471900472,0.2,0.0408163265306123,0.117647058823529
6548,3,0,2,1,4517,755,0.0282539682539683,0.236702127659574,0.0132689987937273,0.243243243243243,0.00837520938023451,0.135135135135135,0,0
6505,3,0,0,1,3791,384,0.0113458528951487,0.107438016528926,0.010178117048346,0.289473684210526,0.0116731517509727,0.0476190476190476,0,NaN
5578,3,0,0,1,23,1806,0,NaN,NaN,NaN,0.0403846153846154,0.0165016501650165,0.0769230769230769,1
6684,3,0,2,1,2282,562,0.00854139290407363,0.631578947368421,0.00488599348534202,0.5,0,NaN,0,NaN
6537,3,0,3,1,996,1584,0.00910470409711683,0.307692307692308,0.00416666666666665,0.142857142857143,0.0461409395973155,0.266009852216749,0.016,0.25
6710,3,0,0,1,0,0,NaN,NaN,NaN,NaN,NaN,NaN,NaN,NaN
5312,3,0,3,1,3999,183,0.00547008547008543,0.210526315789474,0.010958904109589,0.212121212121212,0.00680272108843538,0.2,0,NaN
6189,3,0,3,1,2920,323,0.00774443368828659,0.285714285714286,0.00730994152046782,0.296296296296296,0.00384615384615383,1,0,NaN
6706,3,0,2,1,2565,2638,0.0362204724409448,0.346938775510204,0.00502512562814073,0.5,0.0336134453781513,0.152284263959391,0.0249221183800623,0.105263157894737
6685,3,0,2,1,2984,205,0.0112820512820513,0.611111111111111,0.00932400932400934,0.444444444444444,0,NaN,0,NaN
6688,3,0,0,1,101,214,0,NaN,0.0526315789473685,0.166666666666667,0.01,0.0125,0,0.5
6632,3,0,1,1,1604,976,0.00605536332179935,0.21875,0.0152439024390244,0.5,0.0246575342465754,0.0188284518828452,0,NaN
6310,3,0,3,1,1431,322,0.033921302578019,0.108870967741935,0.0175438596491229,0.032967032967033,0,NaN,0,NaN
6509,3,0,3,1,0,0,NaN,NaN,NaN,NaN,NaN,NaN,NaN,NaN
6503,3,0,2,1,2583,1621,0.00682773109243695,0.240740740740741,0.0058708414872799,0.375,0.0405405405405406,0.0540958268933539,0.0210526315789473,1
6504,3,0,1,1,2466,3257,0.00609013398294767,0.342857142857143,0.0147275405007363,0.285714285714286,0.00469144713099967,0.270833333333333,0,0.333333333333333
6508,3,0,2,1,1827,3612,0.00913621262458475,0.473684210526316,0.00972762645914393,0.307692307692308,0.0634834508952794,0.0790402258292167,0.0488888888888889,0.194805194805195
6498,3,0,0,1,491,283,0,0.2,0.00884955752212391,0,0.0483870967741935,0.0359712230215827,0,0
6410,3,0,1,1,718,4618,0.00364298724954459,0.117647058823529,0,NaN,0.058252427184466,0.0269130998702983,0,0
6372,3,0,0,1,4223,36,0.0243610223642172,0.476190476190476,0.0169992609016999,0.28735632183908,0,NaN,0,NaN
6275,3,0,1,1,2766,795,0.00390434358223524,0.36,0.00698080279232116,0.4,0.012987012987013,0.346153846153846,0,1
5347,3,0,1,1,1490,51,0.00652376514445485,0.875,0,NaN,0,NaN,0,NaN
6128,3,0,2,1,1025,603,0.0014306151645207,0.5,0.00763358778625955,0.0769230769230769,0,NaN,0,NaN
5291,3,0,3,1,4577,921,0.00376811594202897,0.230769230769231,0.00420168067226889,1,0.0180995475113123,0.111111111111111,0.010752688172043,0
6332,3,0,0,1,1046,2020,0.0348692403486924,0.509433962264151,0.0806451612903226,0.315789473684211,0.0301576422206991,0.102941176470588,0.024390243902439,0.375
6183,3,0,2,1,5185,170,0.00552791597567714,0.425531914893617,0.00444444444444447,0.5,0,NaN,0.0178571428571429,0.5
6340,3,0,0,1,3286,464,0.0134724033029118,0.46031746031746,0.00664893617021278,0.352941176470588,0.00840336134453779,0.666666666666667,0.0172413793103449,1
6129,3,0,0,1,0,0,NaN,NaN,NaN,NaN,NaN,NaN,NaN,NaN
6317,3,0,2,1,2488,2113,0.00976450315910393,0.326086956521739,0.00476190476190474,0.235294117647059,0.0108447488584474,0.129496402877698,0.0108695652173914,0.125
6138,3,0,1,1,1561,556,0.00499001996007986,0.625,0.00221729490022171,0.333333333333333,0.00934579439252337,0.0111940298507463,0,NaN
5652,3,0,2,1,2231,274,0.0114503816793893,0.287878787878788,0.00383141762452111,1,0,NaN,0,NaN
5614,3,0,3,1,2954,512,0.00287218764959307,0.583333333333333,0.00664010624169986,0.294117647058824,0,NaN,0,NaN
6106,3,0,3,1,4049,818,0.00620891161431703,0.447368421052632,0.00639269406392695,0.466666666666667,0.0086580086580087,0.375,0,NaN
5292,3,0,3,1,1462,303,0.00901713255184855,0.32,0.00381679389312972,0.25,0.00505050505050508,0.0303030303030303,0,NaN
6373,3,0,1,1,2033,1037,0.0102529049897471,0.5,0.00653594771241828,0.5,0.00451977401129944,0.272727272727273,0.0125,1
6306,3,0,2,1,4661,779,0.0399731273093719,0.130237825594564,0.00940438871473359,0.212121212121212,0.0540540540540541,0.12037037037037,0,NaN
6251,3,0,0,1,840,240,0.024390243902439,0.324324324324324,0,1,0,NaN,0,NaN
6350,3,0,3,1,4235,111,0.0242825607064018,0.220216606498195,0.0135004821600772,0.246376811594203,0,NaN,0,NaN
6151,3,0,1,1,1043,687,0.0100286532951289,0.277777777777778,0.00680272108843538,0.571428571428571,0.00336134453781511,0.5,0,NaN
5385,3,0,3,1,1195,361,0,NaN,0,NaN,0,NaN,0,NaN
6369,3,0,2,1,0,0,NaN,NaN,NaN,NaN,NaN,NaN,NaN,NaN
6463,3,0,1,1,1018,498,0.00145137880986934,1,0.00328947368421051,0.333333333333333,0,NaN,0,NaN
6466,3,0,3,1,2614,949,0.012779552715655,0.237623762376238,0.0109289617486339,0.333333333333333,0.0113924050632911,0.158730158730159,0,NaN
6258,3,0,2,1,2654,333,0.000516262261228695,0.2,0.00151057401812693,1,0,NaN,0,NaN
6161,3,0,3,1,570,354,0.00468384074941453,0.25,0,NaN,0.0033333333333333,0.25,0,0
5582,3,0,0,1,0,0,NaN,NaN,NaN,NaN,NaN,NaN,NaN,NaN
5357,3,0,1,1,0,0,NaN,NaN,NaN,NaN,NaN,NaN,NaN,NaN
5388,3,0,1,1,1508,287,0.00101112234580381,0.0909090909090909,0.00214132762312635,1,0,NaN,0,NaN
5314,3,0,2,1,3296,65,0.00953895071542132,0.392156862745098,0.00315457413249209,0.545454545454545,0,NaN,0,NaN
5649,3,0,1,1,3569,777,0.017703132092601,0.056198347107438,0.00986842105263153,0.4,0.0212765957446809,0.311111111111111,0,NaN
6209,3,0,2,1,0,0,NaN,NaN,NaN,NaN,NaN,NaN,NaN,NaN
5259,3,0,1,1,2434,522,0.0120405576679341,0.548387096774194,0.0111420612813371,0.526315789473684,0.00205338809034905,1,0,NaN
5443,3,0,0,1,0,0,NaN,NaN,NaN,NaN,NaN,NaN,NaN,NaN
6139,3,0,2,1,10,0,NaN,NaN,NaN,NaN,NaN,NaN,NaN,NaN
5379,3,0,3,1,4692,339,0.088515660463005,0.114081996434938,0.0237717908082409,0.191919191919192,0.00694444444444442,0.4,0,NaN
6152,3,0,1,1,632,152,0,0.333333333333333,0.0121951219512195,0,0,NaN,0,NaN
6448,3,0,1,1,5187,290,0.136219640971489,0.145901639344262,0.0919282511210763,0.151187904967603,0.028169014084507,0.857142857142857,0,NaN
6156,3,0,1,1,1544,71,0.00687285223367695,0.285714285714286,0.0120481927710844,0.266666666666667,0,NaN,0,NaN
6341,3,0,3,1,2122,1446,0.0102432778489117,0.473684210526316,0.0181818181818182,0.6,0.0386384544618216,0.201923076923077,0.00840336134453779,NaN
6107,3,0,1,1,972,219,0.00495867768595037,0.111111111111111,0,0.125,0.00552486187845302,0.333333333333333,0,NaN
6346,3,0,2,1,3193,183,0.00714966634890368,0.3,0.00451977401129944,0.25,0,0,0,0.142857142857143
6241,3,0,1,1,2742,1203,0.0278372591006424,0.199248120300752,0.0239520958083832,0.218181818181818,0.0508982035928144,0.0746606334841629,0,0
5319,3,0,0,1,1582,184,0.00394088669950743,0.25,0.015625,0.7,0,NaN,0,NaN
6479,3,0,3,1,3924,187,0.00858232676414494,0.651162790697674,0.00607902735562305,0.333333333333333,0,NaN,0,NaN
6213,3,0,3,1,0,0,NaN,NaN,NaN,NaN,NaN,NaN,NaN,NaN
6142,3,0,3,1,1349,720,0.00937500000000002,0.714285714285714,0.0122448979591837,0.333333333333333,0.0355329949238579,0.0129032258064516,0,0
5378,3,0,1,1,2525,984,0.011608623548922,0.351851851851852,0.00177935943060503,1,0.0107142857142857,0.216216216216216,0,NaN
5258,3,0,1,1,0,0,NaN,NaN,NaN,NaN,NaN,NaN,NaN,NaN
5451,3,0,2,1,1948,2980,0.00580551523947748,0.666666666666667,0.0044642857142857,0.666666666666667,0.0949720670391061,0.0317385125532923,0.064935064935065,0.147058823529412
5325,3,0,3,1,495,259,0.0126582278481012,0.4,0.0211267605633803,0.6,0,NaN,0,NaN
6400,3,0,2,1,2907,940,0.0187214611872146,0.431578947368421,0.010752688172043,0.666666666666667,0.00498753117206985,0.181818181818182,0.0151515151515151,0
6285,3,0,2,1,18,2134,0,NaN,0,NaN,0.051923076923077,0.0487804878048781,0,0.222222222222222
6284,3,0,2,1,0,0,NaN,NaN,NaN,NaN,NaN,NaN,NaN,NaN
6571,3,0,0,1,2251,1122,0.00832799487508007,0.590909090909091,0.00501672240802675,0.666666666666667,0.0512396694214876,0.0763358778625954,0,NaN
6772,3,0,3,1,1364,1394,0.010250569476082,0.0645161290322581,0.0210084033613446,0.0789473684210526,0.0988023952095808,0.0307101727447217,0,NaN
6560,3,0,3,1,2400,365,0.0124526258798051,0.479166666666667,0.00815217391304346,1,0,NaN,0,NaN
6674,3,0,0,1,1666,95,0.0138888888888888,0.515151515151515,0.00800000000000001,1,0,NaN,0,NaN
6604,4,1,0,1,2963,818,0.0958395245170877,0.116257947320618,0.110526315789474,0.073482428115016,0.0838926174496645,0.0633608815426997,0.162790697674419,0.0792079207920792
6570,4,0,2,1,0,0,NaN,NaN,NaN,NaN,NaN,NaN,NaN,NaN
6575,4,0,2,1,1113,2518,0,NaN,0,NaN,0.00368615060558186,0.19047619047619,0,NaN
6746,4,0,1,1,2037,3974,0.0370370370370371,0.335483870967742,0.0275482093663911,0.149253731343284,0.100961538461538,0.048849414614453,0.0202020202020202,0.285714285714286
6637,4,0,3,1,801,2963,0.00705467372134039,0.181818181818182,0.00584795321637432,0.222222222222222,0.118811881188119,0.0595105672969967,0.0304878048780488,0.0847457627118644
6741,4,0,2,1,1656,1807,0.00889679715302494,0.333333333333333,0.00696055684454755,0.571428571428571,0.0707732634338138,0.0718232044198895,0.0240549828178694,0.8
6680,4,0,2,1,1310,1833,0.00370828182941907,0.0925925925925926,0.0273037542662116,0.0608695652173913,0.0515463917525774,0.0281195079086116,0.0123456790123457,0.0769230769230769
6599,4,0,1,1,0,0,NaN,NaN,NaN,NaN,NaN,NaN,NaN,NaN
6629,4,0,2,1,1107,205,0.00264200792602376,0.333333333333333,0,NaN,0.0148148148148148,0.5,0,NaN
6627,4,0,1,1,2143,1664,0.019346230820547,0.138095238095238,0.0208955223880597,0.195652173913043,0.123824451410658,0.0957309184993532,0.0638297872340425,0.134020618556701
6076,4,0,3,1,1921,1651,0.0175824175824176,0.169354838709677,0.00313479623824453,0.176470588235294,0.026984126984127,0.174603174603175,0.00598802395209586,0.4
6072,4,0,1,1,2621,1622,0.0200688073394495,0.107033639143731,0.0109170305676856,0.130434782608696,0.0954063604240283,0.0625832223701731,0.0845070422535211,0.154471544715447
6045,4,0,2,1,681,445,0.00204498977505108,1,0.00680272108843538,1,0.0111940298507462,0.15,0.00847457627118642,0.25
6077,4,0,1,1,3470,790,0.0134171907756814,0.445945945945946,0.0112359550561798,0.5625,0.00725952813067154,0.166666666666667,0.0119047619047619,1
6067,4,0,1,1,1355,4983,0.016983016983017,0.45,0.00348432055749126,0,0.012512030798845,0.13941018766756,0.00549450549450547,0.166666666666667
6012,4,0,3,1,2281,1636,0.0229445506692161,0.1875,0.0107238605898123,0.0909090909090909,0.0367428003972194,0.0735930735930736,0,0
6750,4,0,1,1,2144,1154,0.00125549278091652,0.2,0.0021141649048626,0.2,0.0570264765784114,0.0561330561330561,0.0152671755725191,0.1875
6736,4,0,3,1,2424,348,0.0214067278287462,0.492063492063492,0.0244988864142539,0.314285714285714,0,NaN,0.0188679245283019,1
6631,4,0,1,1,1170,3325,0.00588928150765611,0.714285714285714,0.00369003690036895,0,0.0251959686450168,0.0367775831873905,0.00330033003300334,0.166666666666667
6040,4,0,2,1,1091,264,0.00531208499335989,0.19047619047619,0,NaN,0,NaN,0,NaN
6038,4,0,1,1,2182,1168,0.0242857142857142,0.146551724137931,0.0150214592274678,0.179487179487179,0,NaN,0,NaN
6007,4,0,1,1,1238,1216,0.0067340067340067,0.233333333333333,0,1,0.0277777777777778,0.188034188034188,0.053475935828877,0.275
6574,4,0,1,1,2649,2195,0.0100651272942569,0.204301075268817,0.00934579439252337,0.206896551724138,0.0137085137085137,0.0763052208835341,0.0236686390532544,0.049645390070922
5943,4,0,1,1,3733,2039,0.0482199188823794,0.193771626297578,0.0456490727532097,0.14207650273224,0.0230073952341824,0.0930232558139535,0.0332541567695962,0.16
6768,4,0,1,1,3122,1286,0.0166487647690655,0.0769230769230769,0.0145348837209303,0.105263157894737,0.0153649167733675,0.0562770562770563,0.0177514792899408,0.0298507462686567
5945,4,0,2,1,656,1174,0.0135658914728682,0.25,0,NaN,0.0132013201320133,0.175,0.00653594771241828,NaN
6002,4,0,0,1,1,495,0,NaN,NaN,NaN,0.114285714285714,0.0106666666666667,0.142857142857143,0.106382978723404
6561,4,0,3,1,1769,3122,0.00801924619085803,0.32258064516129,0,0.5,0.00702850449043346,0.14,0,0
5978,4,0,2,1,1016,442,0.0139751552795031,0.07,0.00775193798449614,0,0.00900900900900903,0.0461538461538462,0.147727272727273,0.0859375
5942,4,0,1,1,497,299,0.00286532951289398,1,0,NaN,0,NaN,0,NaN
6071,4,0,3,1,2693,1919,0.0166852057842046,0.341463414634146,0.0243204577968527,0.392156862745098,0.00888585099111416,0.217391304347826,0.0084507042253521,0.8
5973,4,0,1,1,454,113,0.0112781954887218,0.75,0.0126582278481012,1,0,NaN,0,NaN
6658,4,0,2,1,1999,253,0.00964187327823696,0.382352941176471,0.00241545893719808,1,0.00483091787439616,0.333333333333333,0.0434782608695652,0.333333333333333
6008,4,0,0,1,0,0,NaN,NaN,NaN,NaN,NaN,NaN,NaN,NaN
6003,4,0,1,1,1343,1357,0.0113250283125708,0.192982456140351,0.0253521126760563,0.470588235294118,0.0474074074074075,0.0619834710743802,0.0392156862745098,0.258064516129032
6634,4,0,0,1,0,0,NaN,NaN,NaN,NaN,NaN,NaN,NaN,NaN
5972,4,0,0,1,2305,247,0.00847457627118642,0.144444444444444,0.0137931034482759,0.333333333333333,0.00826446280991733,0.5,0.03,0.75
6039,4,0,1,1,996,5336,0.0148809523809523,0.285714285714286,0.016,0.352941176470588,0.0746606334841629,0.0855002203613927,0.0120845921450151,0.296296296296296
5948,4,0,0,1,0,0,NaN,NaN,NaN,NaN,NaN,NaN,NaN,NaN
6594,4,0,1,1,1958,2891,0.00405405405405401,0.222222222222222,0,NaN,0.0565079365079365,0.0909090909090909,0.00607902735562305,0.538461538461538
6005,4,0,2,1,294,107,0,NaN,0,NaN,0.0681818181818182,0.117647058823529,0,NaN
6035,4,0,1,1,1967,474,0.0131470829909613,0.1,0.0107991360691144,0.105263157894737,0.0381679389312977,0.10989010989011,0.0227272727272727,0.111111111111111
6626,4,0,3,1,1318,4368,0.0279255319148937,0.0784313725490196,0.0071942446043165,0.75,0.0756223579145139,0.0853333333333333,0.0324074074074074,0.0888888888888889
6601,4,0,0,1,2114,3998,0.0367156208277704,0.311764705882353,0.0150753768844221,0.571428571428571,0.00109950522264979,1,0.0033333333333333,1
6636,4,0,3,1,2528,1427,0.00732807215332587,0.481481481481481,0.00328947368421051,1,0.0683918669131238,0.0669456066945607,0.0379146919431279,0.0814814814814815
5938,4,0,0,1,923,4184,0.00272108843537411,0.285714285714286,0.00609756097560976,1,0.00351636461996219,0.226415094339623,0,0.142857142857143
6070,4,0,2,1,2683,2166,0.0237797246558198,0.135714285714286,0.0228310502283106,0.253968253968254,0.0154494382022472,0.0695364238410596,0.0138504155124654,0.285714285714286
6675,4,0,2,1,2425,2622,0.010077059869591,0.318181818181818,0.0168634064080945,0.565217391304348,0.0177909562638991,0.0615384615384615,0.0173267326732673,0.411764705882353
5939,4,0,1,1,1954,777,0.017905102954342,0.0392523364485981,0.00862068965517238,0.111111111111111,0.0447427293064877,0.0833333333333333,0.0188679245283019,0
6044,4,0,1,1,2973,773,0.0153162055335968,0.100946372239748,0.00900900900900903,0.333333333333333,0.0302375809935205,0.110169491525424,0.0714285714285714,0.150943396226415
6013,4,0,3,1,2801,253,0.0106382978723404,0.056047197640118,0.00905797101449279,0.0588235294117647,0,NaN,0,NaN
6034,4,0,3,1,1465,3301,0.0110803324099723,0.588235294117647,0.0152439024390244,0.5,0.0610354223433243,0.101633393829401,0.0375,0.109756097560976
5949,4,0,1,1,2342,1407,0.00250469630557293,0.102564102564103,0.0049180327868853,0.333333333333333,0.023989898989899,0.0443213296398892,0,0
5982,4,0,3,1,745,1507,0.002092050209205,1,0.0124481327800829,0.25,0.0472279260780287,0.0262008733624454,0.094488188976378,0.0914285714285714
6010,4,0,2,1,681,180,0.0107991360691144,0.294117647058824,0.00598802395209586,0.666666666666667,0.0089285714285714,0,0,0.333333333333333
6066,4,0,1,1,2168,299,0.00744248985115026,0.304347826086957,0.00819672131147542,0.571428571428571,0.0182648401826484,0.210526315789474,0.0227272727272727,1
6723,4,0,2,1,1448,3831,0.0102249488752556,0.046242774566474,0.00429184549356221,0.25,0.0765625,0.0849941383352872,0.0198675496688742,0.235294117647059
6875,4,0,2,1,375,4191,0.0640394088669951,0.269230769230769,0.018348623853211,0.2,0.0607843137254902,0.0595,0.00869565217391299,0.428571428571429
6598,4,0,2,1,1711,2363,0.00688073394495414,0.391304347826087,0.00307692307692309,0.25,0.0446880269814502,0.054140127388535,0,0.333333333333333
6841,4,0,0,1,0,146,NaN,NaN,NaN,NaN,0.181818181818182,0.0196078431372549,0,0
6933,4,0,3,1,675,383,0.00873362445414849,0.4,0.00529100529100535,0.142857142857143,0,NaN,0,NaN
6565,4,0,3,1,3637,1912,0.0164654226125137,0.5,0.0169971671388102,0.348837209302326,0.0623700623700624,0.0772200772200772,0,0
6904,4,0,2,1,2929,747,0.0154422087037903,0.260162601626016,0.00332778702163061,0.166666666666667,0.011049723756906,0.272727272727273,0.0134228187919463,1
6814,4,0,1,1,574,297,0.00256410256410255,1,0,NaN,0.00952380952380949,1,0,NaN
6073,4,0,1,1,1787,712,0.0137987012987013,0.375,0.0179028132992327,0.1875,0.0176600441501104,0.833333333333333,0.03,0.19047619047619
6679,4,0,1,1,2058,1911,0.00219941348973607,0.0560747663551402,0.00656455142231949,0.0133333333333333,0.0441801189464741,0.0935251798561151,0.0074626865671642,1
6789,4,0,1,1,729,4137,0.0174216027874564,0.416666666666667,0.00900900900900903,NaN,0.00538358008075368,0.256410256410256,0,NaN
5969,4,0,1,1,2949,264,0.00598802395209586,0.0418118466898955,0.0105448154657294,0.0759493670886076,0.00602409638554213,0.142857142857143,0,NaN
6838,4,0,1,1,2028,107,0.010958904109589,0.516129032258065,0.00449438202247188,0.5,0.0263157894736842,0.666666666666667,0,NaN
6908,4,0,3,1,2466,2915,0.0080971659919028,0.52,0.00235849056603776,0.307692307692308,0.0909090909090909,0.148367952522255,0.0191082802547771,0.210526315789474
6903,4,0,2,1,320,99,0,NaN,0,0,0,NaN,0,NaN
6879,4,0,1,1,4066,294,0.0110425462812601,0.382716049382716,0.00476190476190474,0.777777777777778,0.00458715596330272,1,0,NaN
6839,4,0,2,1,1889,2046,0.0114122681883024,0.185185185185185,0.00586510263929618,0.4,0.0294117647058824,0.0716180371352785,0.0238663484486874,0.158415841584158
6779,4,0,0,1,0,0,NaN,NaN,NaN,NaN,NaN,NaN,NaN,NaN
6778,4,0,3,1,4385,890,0.00686498855835238,0.142011834319527,0.00918367346938775,0.153846153846154,0.00175438596491229,0.666666666666667,0.0242214532871973,0.857142857142857
6834,4,0,2,1,3731,371,0.0188598371195885,0.157088122605364,0.00953516090584028,0.050761421319797,0.0100334448160535,0.111111111111111,0,0.333333333333333
5968,4,0,3,1,2527,96,0.0135613207547169,0.283950617283951,0.0132669983416253,0.28,0.0196078431372549,1,0,NaN
6840,4,0,3,1,1113,2586,0.00541711809317447,0.238095238095238,0.0258620689655172,0.666666666666667,0.0204509701101206,0.104225352112676,0.00409836065573765,0.666666666666667
6773,4,0,3,1,1101,3148,0.0149068322981366,0.405405405405405,0.00483091787439616,NaN,0.0763416477702192,0.0639122014202711,0.00970873786407767,0.15
6909,4,0,3,1,2802,412,0.00721020521353299,0.0860927152317881,0.00163132137030997,0.0222222222222222,0.00515463917525771,0.0126582278481013,0.0340909090909091,0.130434782608696
6845,4,0,2,1,988,1926,0.00410958904109593,0.8,0.0170454545454546,1,0.0353117956423742,0.118932038834951,0.0289855072463768,0.333333333333333
6783,4,0,3,1,1195,4516,0.0249653259361997,0.125,0.0071942446043165,0.1,0.0459116746829908,0.074794315632012,0.0447284345047924,0.153846153846154
6864,4,0,0,1,2481,555,0.00881742738589208,0.642857142857143,0.00871459694989107,0.75,0.0141509433962265,0.25,0.0116279069767442,NaN
6799,4,0,1,1,2212,1435,0.0105524518932341,0.363636363636364,0.0118343195266272,0.466666666666667,0.00456621004566216,0.1875,0.00796812749003983,0.4
6785,4,0,0,1,0,1,NaN,NaN,NaN,NaN,NaN,NaN,NaN,NaN
6901,4,0,3,1,902,1766,0.00251256281407031,0.0043859649122807,0,0,0.0603448275862069,0.0401948842874543,0.0319148936170213,0.0579710144927536
6784,4,0,1,1,1979,267,0.00864553314121042,0.392857142857143,0.00624999999999998,0.714285714285714,0.0125,0.2,0,NaN
5905,4,0,3,1,2046,463,0.0163297045101088,0.110091743119266,0.0241545893719807,0.142857142857143,0,0.142857142857143,0,0.0909090909090909
6886,4,0,2,1,2081,1988,0.021669341894061,0.0989010989010989,0.00829875518672196,0.8,0.0587639311043566,0.0916398713826367,0.00958466453674123,0.181818181818182
6041,4,0,3,1,4255,720,0.0161127895266868,0.345864661654135,0.0221975582685905,0.18796992481203,0.0636042402826855,0.0622710622710623,0.0204081632653061,0.0425531914893617
6600,4,0,3,1,828,2691,0.00466562986003105,0.6,0,NaN,0.088339222614841,0.0782258064516129,0.0441176470588235,0.186440677966102
5919,4,0,0,1,0,0,NaN,NaN,NaN,NaN,NaN,NaN,NaN,NaN
6844,4,0,0,1,0,1703,NaN,NaN,NaN,NaN,0.5,0.00495399858457183,0.666666666666667,0.0150375939849624
5913,4,0,0,1,0,0,NaN,NaN,NaN,NaN,NaN,NaN,NaN,NaN
5904,4,0,2,1,1922,1838,0.0214592274678111,0.210526315789474,0.00970873786407767,0.113636363636364,0.0946822308690013,0.0790645879732739,0.0263157894736842,0.153846153846154
6564,4,0,2,1,1615,709,0.00386398763523954,0.277777777777778,0.00370370370370365,1,0.0562659846547314,0.103960396039604,0.0101010101010101,1
6906,4,0,2,1,1485,1838,0.00825593395252833,0.176470588235294,0.00571428571428567,0.0909090909090909,0.0413793103448276,0.0854166666666667,0.00738007380073802,0.222222222222222
5979,4,0,2,1,1328,749,0.0120845921450151,0.4,0.0121951219512195,0.142857142857143,0.0248565965583174,0.166666666666667,0,NaN
6931,4,0,3,1,2282,331,0.00623052959501558,0.192307692307692,0.00387596899224807,0.0909090909090909,0,0,0,1
5886,4,0,2,1,1103,4305,0.00536193029490617,0.2,0.00312500000000004,0.8,0.0774706867671692,0.120497707924034,0.0197368421052632,0.285714285714286
6874,4,0,3,1,3151,436,0.0118753092528451,0.121621621621622,0.027818448023426,0.132743362831858,0.0136986301369864,0.5,0.00862068965517238,1
5910,4,0,2,1,3867,337,0.00784873349982163,0.276923076923077,0.00601684717208184,0.388888888888889,0.120300751879699,0.108527131782946,0.156862745098039,0.434782608695652
5918,4,0,2,1,1634,78,0.0063176895306859,0.0593220338983051,0.0175953079178885,0.333333333333333,0,NaN,0,NaN
5915,4,0,3,1,0,0,NaN,NaN,NaN,NaN,NaN,NaN,NaN,NaN
5887,4,0,2,1,1092,1249,0.00663716814159288,0.263157894736842,0.0178571428571429,0.285714285714286,0.0129411764705882,0.120481927710843,0.0362318840579711,0.0490196078431373
6798,4,0,3,1,2377,222,0.0123602118893467,0.258064516129032,0.00823045267489708,0.4,0.0352112676056338,0.263157894736842,0,NaN
6918,4,0,2,1,3092,903,0.00583373845405932,0.0469798657718121,0.00801068090787715,0.120481927710843,0.031578947368421,0.0622568093385214,0.0212765957446809,0.5
6769,4,0,3,1,2510,871,0.0142857142857142,0.491228070175439,0.0162454873646209,0.235294117647059,0.0212121212121212,0.346938775510204,0.0153846153846153,0
6595,4,0,3,1,280,60,0.00684931506849318,0,0.0111111111111111,0.25,0,NaN,0,NaN
6788,4,0,2,1,487,331,0.00662251655629142,1,0.0134228187919463,1,0.0363636363636364,0.233333333333333,0.0365853658536586,0.15
5908,4,0,3,1,1510,4527,0.054726368159204,0.121019108280255,0.0555555555555556,0.138297872340426,0.0936757013789824,0.108584422967595,0.063231850117096,0.166666666666667
6865,4,0,1,1,3661,2518,0.0316279069767442,0.151098901098901,0.0341786108048512,0.233695652173913,0.0341655716162943,0.120418848167539,0.0372093023255814,0.158620689655172
6835,4,0,1,1,2293,640,0.0284218399401646,0.12109375,0.0234375,0.147540983606557,0.0233644859813084,0.219512195121951,0.0211267605633803,1
